ORDER_ID,PRACTICE_ID,PRODUCT,ORDER_DATE,QUANTITY,REVENUE,TERRITORY
ORD00001,P0001,DAXXIFY,2026-01-26,2,995.2,Northeast
ORD00002,P0001,RHA_REDENSITY,2025-06-23,10,14360.22,Northeast
ORD00003,P0001,RHA3,2025-06-24,10,2523.01,Northeast
ORD00004,P0001,RHA4,2026-03-06,9,9422.66,Northeast
ORD00005,P0001,RHA2,2026-01-12,10,7666.5,Northeast
ORD00006,P0001,DAXXIFY,2025-09-25,8,5218.79,Northeast
ORD00007,P0001,RHA3,2025-12-15,2,2630.11,Northeast
ORD00008,P0001,RHA4,2025-12-17,8,4597.47,Northeast
ORD00009,P0001,RHA_REDENSITY,2025-11-10,1,791.27,Northeast
ORD00010,P0001,RHA3,2025-12-24,6,2104.19,Northeast
ORD00011,P0001,RHA_REDENSITY,2025-11-09,1,1054.96,Northeast
ORD00012,P0001,RHA4,2025-08-30,7,1893.26,Northeast
ORD00013,P0001,RHA3,2025-09-11,10,11833.76,Northeast
ORD00014,P0001,RHA4,2025-07-18,1,464.63,Northeast
ORD00015,P0001,RHA2,2025-08-26,5,3847.75,Northeast
ORD00016,P0001,RHA4,2025-06-11,2,475.06,Northeast
ORD00017,P0001,RHA_REDENSITY,2025-07-16,4,4490.87,Northeast
ORD00018,P0001,RHA_REDENSITY,2025-12-26,1,917.93,Northeast
ORD00019,P0001,RHA2,2026-04-17,2,1599.76,Northeast
ORD00020,P0001,SKINPEN,2026-04-04,3,2543.66,Northeast
ORD00021,P0002,SKINPEN,2025-09-16,5,3700.69,Southeast
ORD00022,P0002,RHA4,2025-09-29,4,3175.29,Southeast
ORD00023,P0002,RHA4,2026-03-21,4,5593.71,Southeast
ORD00024,P0002,SKINPEN,2025-09-16,3,3969.71,Southeast
ORD00025,P0002,RHA4,2026-01-13,6,8487.14,Southeast
ORD00026,P0002,RHA3,2025-09-17,1,567.69,Southeast
ORD00027,P0002,RHA_REDENSITY,2026-01-02,10,14985.73,Southeast
ORD00028,P0002,RHA2,2025-09-26,8,7201.24,Southeast
ORD00029,P0002,RHA3,2025-12-09,9,10725.61,Southeast
ORD00030,P0002,RHA4,2025-11-22,6,7982.89,Southeast
ORD00031,P0003,RHA4,2025-08-15,4,5251.27,Northeast
ORD00032,P0003,DAXXIFY,2025-11-05,6,7008.7,Northeast
ORD00033,P0003,RHA4,2025-06-07,7,10394.57,Northeast
ORD00034,P0003,RHA2,2025-07-05,8,11634.17,Northeast
ORD00035,P0003,RHA_REDENSITY,2026-03-31,10,6315.93,Northeast
ORD00036,P0003,RHA4,2026-04-13,2,1767.47,Northeast
ORD00037,P0003,DAXXIFY,2025-10-13,3,2198.92,Northeast
ORD00038,P0003,RHA2,2025-07-03,2,1620.68,Northeast
ORD00039,P0004,RHA_REDENSITY,2025-12-12,7,7313.51,Southwest
ORD00040,P0004,SKINPEN,2025-12-17,9,6246.11,Southwest
ORD00041,P0004,SKINPEN,2025-12-23,8,10672.78,Southwest
ORD00042,P0004,RHA_REDENSITY,2026-05-16,2,1010.4,Southwest
ORD00043,P0004,RHA3,2025-06-18,4,4683.19,Southwest
ORD00044,P0004,DAXXIFY,2025-10-24,2,1553.56,Southwest
ORD00045,P0004,RHA3,2025-06-13,1,259.79,Southwest
ORD00046,P0004,RHA3,2026-05-06,6,4123.76,Southwest
ORD00047,P0004,RHA2,2026-03-21,9,6621.01,Southwest
ORD00048,P0005,RHA2,2026-03-08,2,1984.68,Southwest
ORD00049,P0005,RHA_REDENSITY,2025-11-20,4,3387.87,Southwest
ORD00050,P0005,RHA2,2025-08-09,4,3197.98,Southwest
ORD00051,P0005,RHA4,2026-01-24,5,5334.46,Southwest
ORD00052,P0005,RHA3,2025-10-08,9,3648.31,Southwest
ORD00053,P0005,RHA3,2025-10-20,10,5889.01,Southwest
ORD00054,P0006,RHA3,2025-06-15,8,10391.16,Midwest
ORD00055,P0006,RHA4,2026-02-22,8,2709.19,Midwest
ORD00056,P0006,RHA_REDENSITY,2025-11-20,6,5683.53,Midwest
ORD00057,P0006,RHA3,2025-06-10,1,1471.33,Midwest
ORD00058,P0006,RHA4,2025-07-01,5,1052.64,Midwest
ORD00059,P0006,SKINPEN,2025-06-17,1,1383.8,Midwest
ORD00060,P0006,RHA3,2025-09-22,4,3956.74,Midwest
ORD00061,P0006,RHA2,2025-12-05,4,4028.63,Midwest
ORD00062,P0006,SKINPEN,2025-06-21,3,3050.17,Midwest
ORD00063,P0006,SKINPEN,2025-07-17,1,601.61,Midwest
ORD00064,P0006,DAXXIFY,2025-10-21,10,6743.2,Midwest
ORD00065,P0006,DAXXIFY,2026-03-28,5,3123.67,Midwest
ORD00066,P0006,RHA2,2025-11-03,4,1487.23,Midwest
ORD00067,P0006,RHA3,2025-08-31,9,7671.0,Midwest
ORD00068,P0007,RHA3,2026-03-11,8,11660.79,Midwest
ORD00069,P0007,SKINPEN,2026-01-03,6,7473.01,Midwest
ORD00070,P0007,DAXXIFY,2025-10-07,3,3541.19,Midwest
ORD00071,P0007,SKINPEN,2026-02-08,7,10202.15,Midwest
ORD00072,P0007,RHA3,2025-08-22,2,2455.77,Midwest
ORD00073,P0007,RHA3,2026-05-27,9,3245.99,Midwest
ORD00074,P0007,SKINPEN,2025-11-27,5,4799.64,Midwest
ORD00075,P0007,RHA3,2025-07-12,2,2154.58,Midwest
ORD00076,P0007,DAXXIFY,2025-10-05,10,13495.05,Midwest
ORD00077,P0008,RHA_REDENSITY,2025-12-18,4,4167.79,Midwest
ORD00078,P0008,RHA4,2025-07-13,5,5220.06,Midwest
ORD00079,P0008,RHA2,2026-04-05,1,1430.14,Midwest
ORD00080,P0008,RHA4,2025-12-30,2,652.7,Midwest
ORD00081,P0008,RHA2,2025-09-01,7,5528.16,Midwest
ORD00082,P0008,SKINPEN,2025-06-25,9,6703.78,Midwest
ORD00083,P0008,RHA4,2026-03-16,2,2567.6,Midwest
ORD00084,P0008,RHA4,2025-07-23,5,1212.66,Midwest
ORD00085,P0008,RHA2,2025-11-26,8,6224.84,Midwest
ORD00086,P0008,RHA3,2026-02-03,2,2950.41,Midwest
ORD00087,P0008,RHA_REDENSITY,2025-11-27,6,1672.29,Midwest
ORD00088,P0008,RHA2,2026-01-13,2,2867.43,Midwest
ORD00089,P0008,DAXXIFY,2025-10-14,4,4136.86,Midwest
ORD00090,P0008,DAXXIFY,2025-08-02,1,1222.83,Midwest
ORD00091,P0008,RHA2,2026-01-30,10,4667.67,Midwest
ORD00092,P0008,RHA2,2025-08-24,10,4807.37,Midwest
ORD00093,P0008,RHA3,2026-02-04,3,3675.71,Midwest
ORD00094,P0008,DAXXIFY,2025-08-02,5,6579.64,Midwest
ORD00095,P0009,RHA_REDENSITY,2026-03-29,5,6190.34,Midwest
ORD00096,P0009,SKINPEN,2026-04-08,1,371.34,Midwest
ORD00097,P0009,RHA2,2025-12-02,10,6209.03,Midwest
ORD00098,P0009,RHA3,2026-03-06,1,364.79,Midwest
ORD00099,P0009,RHA_REDENSITY,2025-10-31,2,2338.73,Midwest
ORD00100,P0010,RHA3,2025-10-17,9,8745.89,West
ORD00101,P0010,RHA_REDENSITY,2025-10-15,4,5716.16,West
ORD00102,P0010,SKINPEN,2026-05-12,9,5329.07,West
ORD00103,P0010,DAXXIFY,2025-07-09,1,1498.16,West
ORD00104,P0010,RHA4,2025-11-10,2,1674.7,West
ORD00105,P0010,DAXXIFY,2025-10-19,2,1237.49,West
ORD00106,P0010,DAXXIFY,2026-03-20,3,1672.56,West
ORD00107,P0010,RHA_REDENSITY,2025-07-14,9,10132.19,West
ORD00108,P0010,RHA_REDENSITY,2025-11-20,9,5250.3,West
ORD00109,P0010,RHA_REDENSITY,2025-09-18,7,2302.52,West
ORD00110,P0010,DAXXIFY,2025-06-09,9,10233.83,West
ORD00111,P0010,RHA4,2026-02-13,8,10836.15,West
ORD00112,P0010,RHA3,2025-11-04,8,5746.79,West
ORD00113,P0010,RHA3,2026-04-16,7,4243.96,West
ORD00114,P0010,RHA3,2026-01-24,3,3278.6,West
ORD00115,P0010,DAXXIFY,2025-10-04,2,2562.61,West
ORD00116,P0011,DAXXIFY,2025-10-25,6,7531.8,West
ORD00117,P0011,DAXXIFY,2025-08-23,10,14436.12,West
ORD00118,P0011,RHA3,2025-08-20,2,1468.1,West
ORD00119,P0012,RHA3,2026-05-08,10,6061.84,Southwest
ORD00120,P0012,RHA_REDENSITY,2026-04-11,9,4289.04,Southwest
ORD00121,P0012,RHA4,2025-07-02,4,5205.83,Southwest
ORD00122,P0012,RHA_REDENSITY,2025-12-06,6,2096.11,Southwest
ORD00123,P0012,RHA_REDENSITY,2026-01-12,4,4997.55,Southwest
ORD00124,P0012,RHA_REDENSITY,2025-08-20,10,10774.7,Southwest
ORD00125,P0012,DAXXIFY,2025-08-22,10,14078.1,Southwest
ORD00126,P0012,RHA3,2025-06-13,1,434.54,Southwest
ORD00127,P0012,RHA3,2025-06-09,6,3937.98,Southwest
ORD00128,P0012,RHA2,2026-03-03,10,10545.48,Southwest
ORD00129,P0012,RHA2,2026-04-29,1,319.28,Southwest
ORD00130,P0012,RHA2,2025-09-05,7,5220.48,Southwest
ORD00131,P0012,RHA2,2025-12-11,6,3630.77,Southwest
ORD00132,P0012,RHA_REDENSITY,2025-12-19,10,3104.44,Southwest
ORD00133,P0013,RHA2,2026-03-16,10,2646.91,Northeast
ORD00134,P0013,RHA3,2026-04-23,8,8484.16,Northeast
ORD00135,P0014,RHA4,2025-07-28,7,3885.82,Southeast
ORD00136,P0014,DAXXIFY,2025-09-14,6,4553.33,Southeast
ORD00137,P0014,SKINPEN,2026-01-09,10,8326.23,Southeast
ORD00138,P0014,RHA3,2025-06-27,1,486.67,Southeast
ORD00139,P0014,DAXXIFY,2025-08-01,1,465.75,Southeast
ORD00140,P0014,RHA2,2026-02-15,5,2881.41,Southeast
ORD00141,P0014,DAXXIFY,2026-04-03,8,9368.95,Southeast
ORD00142,P0014,RHA2,2026-03-06,7,6246.5,Southeast
ORD00143,P0014,RHA_REDENSITY,2026-02-06,9,11550.24,Southeast
ORD00144,P0014,DAXXIFY,2025-12-04,7,9242.06,Southeast
ORD00145,P0014,RHA4,2026-05-13,1,797.68,Southeast
ORD00146,P0014,RHA3,2026-04-25,10,7580.7,Southeast
ORD00147,P0014,SKINPEN,2025-11-08,7,4034.59,Southeast
ORD00148,P0014,DAXXIFY,2025-11-08,6,2540.61,Southeast
ORD00149,P0014,RHA4,2025-07-22,6,1887.41,Southeast
ORD00150,P0014,RHA2,2026-04-10,7,6758.73,Southeast
ORD00151,P0015,RHA4,2026-04-24,5,5847.73,Midwest
ORD00152,P0015,RHA3,2026-02-10,3,897.88,Midwest
ORD00153,P0015,DAXXIFY,2025-07-14,9,7766.44,Midwest
ORD00154,P0015,RHA3,2025-12-07,3,1521.45,Midwest
ORD00155,P0015,RHA3,2026-03-21,4,1702.19,Midwest
ORD00156,P0015,SKINPEN,2026-03-17,2,860.58,Midwest
ORD00157,P0015,RHA4,2025-07-17,8,9446.24,Midwest
ORD00158,P0015,RHA4,2025-08-11,10,10358.89,Midwest
ORD00159,P0015,RHA3,2025-07-19,6,2377.47,Midwest
ORD00160,P0015,RHA4,2026-04-30,8,8166.41,Midwest
ORD00161,P0015,RHA_REDENSITY,2026-01-14,1,657.52,Midwest
ORD00162,P0015,RHA3,2026-04-27,8,6299.9,Midwest
ORD00163,P0015,RHA3,2026-05-05,5,1498.75,Midwest
ORD00164,P0015,RHA_REDENSITY,2026-04-18,10,8591.88,Midwest
ORD00165,P0015,RHA_REDENSITY,2025-10-10,9,12964.51,Midwest
ORD00166,P0015,RHA4,2026-05-13,10,10473.89,Midwest
ORD00167,P0015,RHA_REDENSITY,2025-12-21,8,6814.22,Midwest
ORD00168,P0016,DAXXIFY,2025-10-16,6,8862.61,Midwest
ORD00169,P0016,RHA_REDENSITY,2026-04-21,3,752.65,Midwest
ORD00170,P0017,RHA_REDENSITY,2025-10-22,9,8934.72,Southeast
ORD00171,P0017,RHA3,2025-11-29,5,3518.21,Southeast
ORD00172,P0017,SKINPEN,2025-12-12,10,2680.75,Southeast
ORD00173,P0017,SKINPEN,2025-07-15,6,1714.11,Southeast
ORD00174,P0017,RHA_REDENSITY,2026-04-16,7,3985.74,Southeast
ORD00175,P0017,RHA_REDENSITY,2025-07-02,3,1900.11,Southeast
ORD00176,P0017,SKINPEN,2025-08-09,3,4175.31,Southeast
ORD00177,P0017,SKINPEN,2025-12-27,7,2573.46,Southeast
ORD00178,P0017,DAXXIFY,2025-06-06,5,4632.99,Southeast
ORD00179,P0017,RHA3,2025-07-09,3,3213.45,Southeast
ORD00180,P0017,RHA_REDENSITY,2025-06-18,2,2079.66,Southeast
ORD00181,P0017,RHA_REDENSITY,2025-10-30,6,1342.2,Southeast
ORD00182,P0017,RHA2,2025-12-27,4,2577.01,Southeast
ORD00183,P0017,RHA2,2025-09-28,4,5999.88,Southeast
ORD00184,P0017,DAXXIFY,2026-03-16,5,6488.78,Southeast
ORD00185,P0018,RHA_REDENSITY,2025-09-17,9,2241.65,Southwest
ORD00186,P0018,RHA_REDENSITY,2025-12-13,3,2929.26,Southwest
ORD00187,P0018,RHA2,2026-03-17,3,3842.25,Southwest
ORD00188,P0018,RHA2,2025-07-19,8,2054.4,Southwest
ORD00189,P0019,SKINPEN,2025-06-22,4,5841.86,Northeast
ORD00190,P0019,RHA3,2025-07-26,8,4033.63,Northeast
ORD00191,P0019,RHA3,2026-02-01,8,11001.33,Northeast
ORD00192,P0019,RHA3,2026-02-24,10,14797.72,Northeast
ORD00193,P0019,RHA3,2025-10-10,7,5976.45,Northeast
ORD00194,P0019,RHA2,2025-11-01,4,4966.55,Northeast
ORD00195,P0019,RHA3,2026-03-25,1,1033.53,Northeast
ORD00196,P0019,RHA_REDENSITY,2025-11-25,2,2249.64,Northeast
ORD00197,P0019,DAXXIFY,2025-09-12,5,1545.19,Northeast
ORD00198,P0019,RHA3,2026-03-13,8,11015.18,Northeast
ORD00199,P0019,RHA4,2026-03-20,2,2860.67,Northeast
ORD00200,P0019,RHA4,2026-02-10,6,8457.68,Northeast
ORD00201,P0020,RHA4,2026-05-07,9,6175.35,West
ORD00202,P0020,DAXXIFY,2025-11-18,6,2951.4,West
ORD00203,P0020,DAXXIFY,2025-12-22,6,7372.77,West
ORD00204,P0020,DAXXIFY,2026-03-25,5,6963.08,West
ORD00205,P0020,SKINPEN,2025-10-05,3,3559.48,West
ORD00206,P0020,RHA4,2025-10-06,10,2068.27,West
ORD00207,P0020,DAXXIFY,2026-04-24,5,2401.76,West
ORD00208,P0020,RHA_REDENSITY,2026-03-19,10,8861.03,West
ORD00209,P0020,RHA3,2026-04-08,4,2365.99,West
ORD00210,P0020,RHA2,2026-05-10,7,7214.46,West
ORD00211,P0020,RHA4,2025-07-20,2,688.23,West
ORD00212,P0020,RHA_REDENSITY,2025-09-21,9,1992.29,West
ORD00213,P0020,RHA_REDENSITY,2025-09-13,4,4536.43,West
ORD00214,P0020,RHA4,2026-01-05,1,999.25,West
ORD00215,P0021,RHA4,2025-08-15,3,3191.05,Southwest
ORD00216,P0021,RHA_REDENSITY,2026-04-21,6,1727.9,Southwest
ORD00217,P0021,RHA_REDENSITY,2025-09-07,9,11001.02,Southwest
ORD00218,P0021,RHA_REDENSITY,2025-09-17,1,707.59,Southwest
ORD00219,P0021,DAXXIFY,2025-10-06,7,10327.46,Southwest
ORD00220,P0021,SKINPEN,2026-01-25,1,664.22,Southwest
ORD00221,P0021,RHA3,2026-04-30,4,4611.29,Southwest
ORD00222,P0021,DAXXIFY,2025-07-17,10,11557.43,Southwest
ORD00223,P0022,DAXXIFY,2026-03-27,6,5458.91,West
ORD00224,P0022,RHA2,2025-07-09,8,11800.52,West
ORD00225,P0022,SKINPEN,2025-10-01,3,3764.84,West
ORD00226,P0022,SKINPEN,2026-05-02,8,1984.63,West
ORD00227,P0022,DAXXIFY,2026-02-20,4,5406.11,West
ORD00228,P0022,RHA3,2025-12-24,9,6459.22,West
ORD00229,P0022,RHA4,2025-08-29,5,1238.04,West
ORD00230,P0022,RHA2,2025-07-07,5,3320.33,West
ORD00231,P0022,SKINPEN,2026-05-10,6,3331.09,West
ORD00232,P0022,RHA4,2025-11-27,7,8164.1,West
ORD00233,P0022,RHA3,2025-11-18,3,2535.19,West
ORD00234,P0023,RHA_REDENSITY,2025-11-27,5,6207.46,Southeast
ORD00235,P0023,DAXXIFY,2025-10-29,7,6882.33,Southeast
ORD00236,P0023,RHA_REDENSITY,2026-03-03,5,3087.87,Southeast
ORD00237,P0023,RHA3,2026-04-24,5,2992.22,Southeast
ORD00238,P0023,SKINPEN,2025-07-30,7,2916.47,Southeast
ORD00239,P0023,RHA3,2025-10-19,8,2040.49,Southeast
ORD00240,P0023,RHA_REDENSITY,2025-12-05,7,3898.45,Southeast
ORD00241,P0023,DAXXIFY,2026-05-05,7,4706.13,Southeast
ORD00242,P0023,RHA2,2025-06-21,1,385.61,Southeast
ORD00243,P0023,SKINPEN,2025-07-27,8,1961.91,Southeast
ORD00244,P0023,RHA2,2026-04-30,6,4024.77,Southeast
ORD00245,P0023,DAXXIFY,2025-08-17,10,3994.7,Southeast
ORD00246,P0023,RHA3,2025-10-16,6,4662.73,Southeast
ORD00247,P0023,RHA_REDENSITY,2026-04-25,3,2664.89,Southeast
ORD00248,P0023,RHA3,2025-11-12,5,2622.48,Southeast
ORD00249,P0023,DAXXIFY,2026-04-06,3,2546.27,Southeast
ORD00250,P0024,DAXXIFY,2025-08-20,5,6037.27,West
ORD00251,P0024,RHA4,2025-06-08,4,5981.1,West
ORD00252,P0024,SKINPEN,2026-01-08,8,3681.85,West
ORD00253,P0024,DAXXIFY,2026-03-26,8,3395.63,West
ORD00254,P0024,DAXXIFY,2025-10-19,6,6409.15,West
ORD00255,P0024,DAXXIFY,2025-06-05,9,8143.4,West
ORD00256,P0024,RHA2,2026-01-01,3,3695.42,West
ORD00257,P0024,RHA2,2025-09-16,2,2961.34,West
ORD00258,P0024,RHA2,2026-03-24,8,1873.35,West
ORD00259,P0024,RHA_REDENSITY,2025-08-24,6,4845.77,West
ORD00260,P0024,RHA2,2025-08-25,10,13495.2,West
ORD00261,P0024,RHA3,2026-05-01,7,10496.31,West
ORD00262,P0024,RHA_REDENSITY,2025-10-01,7,8399.4,West
ORD00263,P0025,RHA2,2026-04-27,6,6210.24,Southeast
ORD00264,P0025,RHA4,2025-10-16,9,5830.82,Southeast
ORD00265,P0025,SKINPEN,2025-08-25,10,4365.52,Southeast
ORD00266,P0025,RHA4,2026-03-29,9,12455.33,Southeast
ORD00267,P0025,DAXXIFY,2026-05-06,9,3590.28,Southeast
ORD00268,P0025,RHA2,2026-03-11,6,8490.96,Southeast
ORD00269,P0025,RHA3,2026-02-08,9,12270.63,Southeast
ORD00270,P0025,RHA3,2026-04-24,4,4102.3,Southeast
ORD00271,P0025,RHA3,2025-08-25,3,3037.59,Southeast
ORD00272,P0025,RHA_REDENSITY,2025-07-24,2,1706.69,Southeast
ORD00273,P0025,RHA_REDENSITY,2026-03-09,10,4004.53,Southeast
ORD00274,P0025,RHA_REDENSITY,2025-07-01,10,6389.05,Southeast
ORD00275,P0025,DAXXIFY,2025-08-19,1,305.59,Southeast
ORD00276,P0025,RHA_REDENSITY,2025-07-10,5,5232.34,Southeast
ORD00277,P0025,RHA4,2025-08-15,10,10306.89,Southeast
ORD00278,P0025,SKINPEN,2025-09-22,9,5189.16,Southeast
ORD00279,P0025,RHA4,2025-12-31,4,4984.38,Southeast
ORD00280,P0025,RHA4,2025-06-18,5,3948.04,Southeast
ORD00281,P0025,DAXXIFY,2025-06-16,3,2314.46,Southeast
ORD00282,P0026,RHA2,2025-10-09,6,5931.95,Northeast
ORD00283,P0026,SKINPEN,2025-12-25,6,6926.76,Northeast
ORD00284,P0026,RHA4,2025-12-09,3,3566.59,Northeast
ORD00285,P0026,RHA_REDENSITY,2025-09-13,2,1229.7,Northeast
ORD00286,P0026,DAXXIFY,2025-10-08,5,3922.37,Northeast
ORD00287,P0026,DAXXIFY,2026-03-23,1,577.28,Northeast
ORD00288,P0026,RHA_REDENSITY,2025-11-19,7,3659.26,Northeast
ORD00289,P0026,RHA3,2026-03-14,10,11374.67,Northeast
ORD00290,P0026,RHA2,2026-02-26,8,11958.08,Northeast
ORD00291,P0026,RHA4,2025-10-07,5,4232.91,Northeast
ORD00292,P0026,RHA4,2026-04-18,9,7149.6,Northeast
ORD00293,P0026,RHA2,2026-01-31,10,6587.64,Northeast
ORD00294,P0026,RHA3,2026-05-09,8,7814.2,Northeast
ORD00295,P0026,SKINPEN,2025-07-04,8,4571.78,Northeast
ORD00296,P0026,DAXXIFY,2026-05-30,7,2618.81,Northeast
ORD00297,P0026,SKINPEN,2026-01-19,6,7158.08,Northeast
ORD00298,P0027,RHA4,2026-05-11,1,941.37,West
ORD00299,P0027,RHA3,2026-02-24,9,5176.64,West
ORD00300,P0027,RHA_REDENSITY,2025-11-18,8,9549.8,West
ORD00301,P0027,RHA_REDENSITY,2026-01-11,10,3544.54,West
ORD00302,P0027,RHA4,2026-04-15,6,7400.2,West
ORD00303,P0027,RHA_REDENSITY,2025-12-12,6,7088.73,West
ORD00304,P0027,RHA_REDENSITY,2026-02-22,9,6496.23,West
ORD00305,P0027,DAXXIFY,2026-05-14,1,378.15,West
ORD00306,P0027,RHA4,2025-12-15,9,7146.77,West
ORD00307,P0027,RHA_REDENSITY,2025-07-28,3,1879.07,West
ORD00308,P0027,RHA3,2025-07-25,3,2132.52,West
ORD00309,P0027,SKINPEN,2025-07-23,5,4859.21,West
ORD00310,P0028,RHA_REDENSITY,2025-09-16,8,8970.89,Southwest
ORD00311,P0028,RHA4,2026-01-01,1,678.87,Southwest
ORD00312,P0028,DAXXIFY,2025-06-24,7,6711.69,Southwest
ORD00313,P0028,SKINPEN,2025-06-16,1,975.98,Southwest
ORD00314,P0028,SKINPEN,2026-01-19,10,9509.25,Southwest
ORD00315,P0028,RHA_REDENSITY,2026-05-08,8,3373.33,Southwest
ORD00316,P0028,SKINPEN,2025-07-16,10,12069.88,Southwest
ORD00317,P0028,RHA2,2025-11-21,4,964.17,Southwest
ORD00318,P0028,DAXXIFY,2025-06-10,4,898.47,Southwest
ORD00319,P0028,RHA4,2025-12-25,3,2210.54,Southwest
ORD00320,P0028,RHA4,2026-02-19,9,10867.18,Southwest
ORD00321,P0028,SKINPEN,2025-10-05,1,1117.51,Southwest
ORD00322,P0028,RHA2,2025-09-11,9,5603.08,Southwest
ORD00323,P0028,RHA4,2025-06-29,9,6208.85,Southwest
ORD00324,P0028,RHA4,2026-03-07,9,5805.23,Southwest
ORD00325,P0028,SKINPEN,2025-12-04,5,4965.5,Southwest
ORD00326,P0028,RHA2,2026-02-25,5,4627.56,Southwest
ORD00327,P0029,RHA3,2026-01-02,4,4389.25,Southwest
ORD00328,P0029,RHA3,2025-09-26,8,5227.55,Southwest
ORD00329,P0029,RHA3,2026-01-14,2,1891.04,Southwest
ORD00330,P0029,RHA4,2025-08-29,7,8847.23,Southwest
ORD00331,P0029,RHA3,2026-03-21,1,573.92,Southwest
ORD00332,P0029,RHA3,2026-04-24,8,8422.11,Southwest
ORD00333,P0029,RHA2,2025-10-01,4,5105.35,Southwest
ORD00334,P0029,RHA_REDENSITY,2026-01-16,5,1892.27,Southwest
ORD00335,P0030,RHA2,2025-08-07,4,1063.98,Southwest
ORD00336,P0030,RHA2,2025-09-05,4,1072.95,Southwest
ORD00337,P0030,RHA3,2025-11-04,8,2645.67,Southwest
ORD00338,P0030,DAXXIFY,2026-03-25,9,13241.56,Southwest
ORD00339,P0030,RHA4,2026-03-15,8,6565.46,Southwest
ORD00340,P0030,RHA3,2026-02-21,6,3426.24,Southwest
ORD00341,P0030,DAXXIFY,2026-05-04,10,5018.86,Southwest
ORD00342,P0030,RHA2,2026-05-15,7,9428.43,Southwest
ORD00343,P0030,DAXXIFY,2026-03-05,7,8570.44,Southwest
ORD00344,P0030,SKINPEN,2026-02-28,5,6698.83,Southwest
ORD00345,P0030,RHA3,2026-05-30,10,9836.18,Southwest
ORD00346,P0030,RHA3,2025-12-14,8,11886.63,Southwest
ORD00347,P0030,RHA_REDENSITY,2025-08-29,8,10848.3,Southwest
ORD00348,P0030,RHA_REDENSITY,2026-03-27,8,4437.51,Southwest
ORD00349,P0030,RHA3,2026-04-07,3,3451.37,Southwest
ORD00350,P0030,RHA3,2025-07-07,3,654.93,Southwest
ORD00351,P0030,RHA3,2025-12-13,10,10767.21,Southwest
ORD00352,P0030,RHA2,2026-02-25,10,13129.9,Southwest
ORD00353,P0030,RHA4,2025-11-08,9,5636.74,Southwest
ORD00354,P0030,SKINPEN,2025-11-10,2,880.43,Southwest
ORD00355,P0031,RHA3,2025-10-02,4,835.52,West
ORD00356,P0031,RHA2,2025-11-19,8,9439.07,West
ORD00357,P0031,RHA3,2025-12-17,10,11397.47,West
ORD00358,P0031,RHA3,2026-05-29,6,6603.6,West
ORD00359,P0031,SKINPEN,2026-05-03,2,1610.03,West
ORD00360,P0032,SKINPEN,2025-11-08,9,12600.34,Midwest
ORD00361,P0032,RHA3,2025-06-08,2,2060.65,Midwest
ORD00362,P0032,RHA3,2026-01-03,10,4871.04,Midwest
ORD00363,P0032,RHA4,2026-03-27,3,2374.42,Midwest
ORD00364,P0032,RHA3,2025-07-28,7,7787.66,Midwest
ORD00365,P0032,RHA_REDENSITY,2025-10-05,4,4761.67,Midwest
ORD00366,P0033,RHA_REDENSITY,2026-04-23,8,7093.0,Northeast
ORD00367,P0033,DAXXIFY,2025-11-30,10,3458.71,Northeast
ORD00368,P0033,RHA_REDENSITY,2025-08-27,4,3778.05,Northeast
ORD00369,P0033,RHA2,2026-03-19,6,7864.99,Northeast
ORD00370,P0033,DAXXIFY,2025-10-20,4,4527.97,Northeast
ORD00371,P0033,DAXXIFY,2025-09-26,9,7012.15,Northeast
ORD00372,P0033,RHA4,2026-05-06,3,2601.67,Northeast
ORD00373,P0033,RHA_REDENSITY,2025-10-13,1,926.44,Northeast
ORD00374,P0033,RHA3,2025-06-24,1,714.73,Northeast
ORD00375,P0033,SKINPEN,2026-06-02,4,3807.22,Northeast
ORD00376,P0033,RHA4,2026-05-11,6,6663.0,Northeast
ORD00377,P0033,DAXXIFY,2025-08-30,2,2963.96,Northeast
ORD00378,P0033,DAXXIFY,2025-10-05,5,3657.64,Northeast
ORD00379,P0033,SKINPEN,2026-03-26,7,4807.59,Northeast
ORD00380,P0033,RHA4,2025-11-20,7,4818.37,Northeast
ORD00381,P0033,SKINPEN,2025-06-19,9,3355.98,Northeast
ORD00382,P0033,DAXXIFY,2025-12-07,3,4472.1,Northeast
ORD00383,P0033,RHA_REDENSITY,2025-11-14,3,3438.65,Northeast
ORD00384,P0033,DAXXIFY,2026-02-09,1,1472.04,Northeast
ORD00385,P0033,SKINPEN,2025-10-09,9,6762.3,Northeast
ORD00386,P0034,RHA2,2026-02-06,8,5200.06,Southeast
ORD00387,P0034,RHA2,2026-01-13,2,483.77,Southeast
ORD00388,P0034,RHA4,2025-06-30,10,11958.7,Southeast
ORD00389,P0034,RHA2,2026-05-26,4,1149.91,Southeast
ORD00390,P0034,DAXXIFY,2025-08-03,8,7816.96,Southeast
ORD00391,P0034,DAXXIFY,2025-06-08,4,4650.81,Southeast
ORD00392,P0034,RHA4,2025-11-10,4,3606.75,Southeast
ORD00393,P0034,RHA2,2026-05-06,9,13423.76,Southeast
ORD00394,P0034,SKINPEN,2026-02-04,10,6145.75,Southeast
ORD00395,P0034,SKINPEN,2025-08-01,6,3047.85,Southeast
ORD00396,P0034,SKINPEN,2026-03-22,9,4386.2,Southeast
ORD00397,P0034,RHA3,2026-01-01,1,923.73,Southeast
ORD00398,P0034,SKINPEN,2025-08-05,3,3041.37,Southeast
ORD00399,P0035,RHA4,2025-08-23,1,1463.98,Southwest
ORD00400,P0035,SKINPEN,2025-07-09,7,8550.82,Southwest
ORD00401,P0035,SKINPEN,2025-12-22,7,5115.16,Southwest
ORD00402,P0035,RHA4,2026-01-01,3,3542.22,Southwest
ORD00403,P0035,RHA2,2025-10-04,4,2363.83,Southwest
ORD00404,P0035,RHA2,2025-06-06,8,11113.31,Southwest
ORD00405,P0035,RHA4,2025-08-20,7,6471.31,Southwest
ORD00406,P0035,RHA4,2026-03-27,4,2125.98,Southwest
ORD00407,P0035,SKINPEN,2025-12-16,2,2797.79,Southwest
ORD00408,P0035,DAXXIFY,2025-11-26,9,10277.64,Southwest
ORD00409,P0035,DAXXIFY,2026-02-26,5,3451.59,Southwest
ORD00410,P0035,RHA_REDENSITY,2025-07-29,1,1335.71,Southwest
ORD00411,P0035,RHA_REDENSITY,2026-02-27,9,4339.09,Southwest
ORD00412,P0035,RHA3,2026-02-17,5,7220.63,Southwest
ORD00413,P0036,RHA2,2026-02-15,2,2341.89,Northeast
ORD00414,P0037,SKINPEN,2026-01-30,10,11148.99,Southeast
ORD00415,P0037,RHA2,2025-11-12,9,5562.9,Southeast
ORD00416,P0037,RHA4,2026-01-10,8,7149.96,Southeast
ORD00417,P0037,RHA3,2025-12-02,5,3337.69,Southeast
ORD00418,P0037,RHA4,2025-09-22,2,2487.32,Southeast
ORD00419,P0037,RHA3,2025-10-06,4,2727.67,Southeast
ORD00420,P0037,DAXXIFY,2025-11-04,10,13233.1,Southeast
ORD00421,P0037,DAXXIFY,2026-03-21,5,4596.53,Southeast
ORD00422,P0037,RHA_REDENSITY,2025-08-08,7,4086.25,Southeast
ORD00423,P0037,RHA3,2026-02-23,4,2775.17,Southeast
ORD00424,P0037,RHA4,2026-01-29,9,9458.91,Southeast
ORD00425,P0037,RHA3,2025-06-18,5,5961.84,Southeast
ORD00426,P0037,SKINPEN,2025-09-26,8,6392.62,Southeast
ORD00427,P0037,RHA2,2025-12-05,3,3409.22,Southeast
ORD00428,P0037,RHA2,2025-09-26,9,13386.79,Southeast
ORD00429,P0037,RHA_REDENSITY,2026-05-04,1,1290.79,Southeast
ORD00430,P0038,DAXXIFY,2025-06-26,1,736.11,West
ORD00431,P0038,RHA2,2025-07-16,2,2238.64,West
ORD00432,P0038,RHA2,2026-05-30,9,7135.31,West
ORD00433,P0039,SKINPEN,2025-07-22,10,13865.77,West
ORD00434,P0039,RHA4,2025-07-01,1,208.6,West
ORD00435,P0040,DAXXIFY,2025-11-05,1,888.24,Southwest
ORD00436,P0040,RHA_REDENSITY,2026-01-14,5,1111.43,Southwest
ORD00437,P0040,SKINPEN,2025-06-11,7,8736.13,Southwest
ORD00438,P0040,DAXXIFY,2026-03-04,2,1763.4,Southwest
ORD00439,P0040,RHA2,2026-01-31,10,8843.93,Southwest
ORD00440,P0040,RHA3,2025-12-04,7,2119.08,Southwest
ORD00441,P0040,RHA4,2025-11-08,10,5161.7,Southwest
ORD00442,P0040,RHA2,2025-06-12,5,5446.27,Southwest
ORD00443,P0040,SKINPEN,2026-04-23,1,321.55,Southwest
ORD00444,P0040,RHA4,2025-11-21,9,7369.26,Southwest
ORD00445,P0040,DAXXIFY,2025-07-12,3,922.48,Southwest
ORD00446,P0040,SKINPEN,2025-10-24,6,5613.68,Southwest
ORD00447,P0040,RHA_REDENSITY,2026-04-16,1,498.7,Southwest
ORD00448,P0040,RHA_REDENSITY,2025-06-14,8,4419.39,Southwest
ORD00449,P0040,SKINPEN,2026-04-26,5,6845.53,Southwest
ORD00450,P0040,SKINPEN,2025-08-19,1,433.16,Southwest
ORD00451,P0040,DAXXIFY,2025-12-24,4,3852.59,Southwest
ORD00452,P0040,RHA4,2025-06-04,2,1178.12,Southwest
ORD00453,P0041,RHA_REDENSITY,2026-01-31,7,7561.02,Southeast
ORD00454,P0041,RHA3,2025-08-31,7,8276.04,Southeast
ORD00455,P0041,SKINPEN,2026-03-24,2,1702.06,Southeast
ORD00456,P0041,DAXXIFY,2025-12-08,2,1536.43,Southeast
ORD00457,P0041,RHA3,2026-04-26,10,11997.07,Southeast
ORD00458,P0041,RHA4,2025-08-03,6,1431.08,Southeast
ORD00459,P0041,RHA4,2026-01-15,8,3972.64,Southeast
ORD00460,P0041,RHA4,2025-08-24,7,3090.21,Southeast
ORD00461,P0041,SKINPEN,2025-08-08,7,2179.82,Southeast
ORD00462,P0041,RHA3,2025-07-22,4,4508.16,Southeast
ORD00463,P0041,RHA3,2026-04-22,3,2082.0,Southeast
ORD00464,P0041,RHA2,2025-07-14,7,4281.77,Southeast
ORD00465,P0041,DAXXIFY,2026-04-10,1,1425.85,Southeast
ORD00466,P0041,RHA3,2025-10-19,5,1664.5,Southeast
ORD00467,P0041,RHA2,2026-04-20,7,5484.48,Southeast
ORD00468,P0041,RHA_REDENSITY,2025-08-23,7,2339.97,Southeast
ORD00469,P0041,RHA3,2026-04-19,9,2888.85,Southeast
ORD00470,P0041,RHA3,2025-08-01,7,1512.3,Southeast
ORD00471,P0041,RHA4,2025-11-04,2,2284.59,Southeast
ORD00472,P0042,RHA_REDENSITY,2026-01-30,9,3784.12,Midwest
ORD00473,P0042,RHA2,2025-11-21,3,1648.78,Midwest
ORD00474,P0042,RHA4,2026-01-17,3,846.74,Midwest
ORD00475,P0042,RHA3,2025-10-24,7,4127.75,Midwest
ORD00476,P0042,RHA3,2026-04-25,5,7137.44,Midwest
ORD00477,P0042,RHA4,2025-07-18,10,10016.69,Midwest
ORD00478,P0042,DAXXIFY,2025-10-12,3,1788.17,Midwest
ORD00479,P0042,RHA3,2025-11-13,10,6938.57,Midwest
ORD00480,P0042,RHA4,2025-12-17,6,4558.81,Midwest
ORD00481,P0042,RHA_REDENSITY,2025-07-05,3,1771.7,Midwest
ORD00482,P0042,SKINPEN,2025-07-30,4,3290.85,Midwest
ORD00483,P0042,RHA4,2026-03-05,6,3473.3,Midwest
ORD00484,P0042,SKINPEN,2025-06-13,8,11664.74,Midwest
ORD00485,P0042,RHA3,2026-01-30,7,3950.73,Midwest
ORD00486,P0042,RHA3,2025-11-14,2,2823.37,Midwest
ORD00487,P0042,RHA_REDENSITY,2026-02-21,9,3905.15,Midwest
ORD00488,P0042,DAXXIFY,2025-08-26,8,11406.94,Midwest
ORD00489,P0042,RHA4,2026-02-16,5,6403.33,Midwest
ORD00490,P0043,SKINPEN,2025-11-06,8,3047.46,Southeast
ORD00491,P0043,RHA2,2025-12-30,5,5281.31,Southeast
ORD00492,P0043,RHA4,2025-10-30,2,1567.57,Southeast
ORD00493,P0044,RHA_REDENSITY,2025-10-01,7,6262.74,Southwest
ORD00494,P0044,RHA4,2025-06-14,9,2230.15,Southwest
ORD00495,P0044,SKINPEN,2025-12-01,9,8747.69,Southwest
ORD00496,P0044,DAXXIFY,2026-04-21,4,4219.53,Southwest
ORD00497,P0044,RHA2,2025-12-04,10,2575.86,Southwest
ORD00498,P0044,SKINPEN,2025-07-08,7,10197.98,Southwest
ORD00499,P0044,RHA4,2025-12-16,2,427.42,Southwest
ORD00500,P0044,RHA2,2026-01-22,9,10538.18,Southwest
ORD00501,P0044,RHA_REDENSITY,2025-08-22,10,4873.41,Southwest
ORD00502,P0044,RHA4,2025-11-24,8,9632.36,Southwest
ORD00503,P0044,SKINPEN,2025-08-06,9,3563.72,Southwest
ORD00504,P0044,RHA4,2026-05-22,2,1168.12,Southwest
ORD00505,P0044,DAXXIFY,2026-04-21,3,1958.48,Southwest
ORD00506,P0044,RHA4,2025-12-10,4,3509.8,Southwest
ORD00507,P0044,RHA4,2025-12-07,2,1539.23,Southwest
ORD00508,P0044,RHA4,2025-06-12,6,1723.96,Southwest
ORD00509,P0044,SKINPEN,2026-05-12,2,458.72,Southwest
ORD00510,P0044,SKINPEN,2025-12-10,2,2160.56,Southwest
ORD00511,P0044,SKINPEN,2026-03-11,4,3483.17,Southwest
ORD00512,P0044,RHA2,2025-08-25,6,5566.82,Southwest
ORD00513,P0045,RHA4,2026-02-05,3,1326.91,Northeast
ORD00514,P0045,RHA4,2025-07-02,7,1665.65,Northeast
ORD00515,P0045,RHA2,2025-07-24,8,7758.91,Northeast
ORD00516,P0045,DAXXIFY,2025-11-16,4,1870.08,Northeast
ORD00517,P0045,DAXXIFY,2025-06-08,10,3322.78,Northeast
ORD00518,P0045,RHA2,2025-09-02,6,3742.68,Northeast
ORD00519,P0045,DAXXIFY,2025-10-12,5,5359.56,Northeast
ORD00520,P0045,RHA_REDENSITY,2025-09-26,6,5856.37,Northeast
ORD00521,P0045,RHA4,2025-07-26,10,3485.02,Northeast
ORD00522,P0045,RHA4,2025-12-05,10,4242.86,Northeast
ORD00523,P0045,SKINPEN,2025-06-24,5,6971.44,Northeast
ORD00524,P0045,DAXXIFY,2025-08-05,3,1821.42,Northeast
ORD00525,P0045,RHA3,2026-02-01,2,875.92,Northeast
ORD00526,P0045,RHA2,2025-06-13,9,6345.02,Northeast
ORD00527,P0045,RHA2,2025-08-02,10,6988.23,Northeast
ORD00528,P0046,SKINPEN,2025-09-27,9,9913.17,Northeast
ORD00529,P0046,RHA2,2025-07-08,9,3752.33,Northeast
ORD00530,P0046,RHA2,2026-01-07,3,1826.86,Northeast
ORD00531,P0046,RHA_REDENSITY,2025-10-16,1,1325.18,Northeast
ORD00532,P0046,RHA4,2026-05-30,3,1361.0,Northeast
ORD00533,P0046,RHA_REDENSITY,2025-11-19,9,9440.92,Northeast
ORD00534,P0047,RHA4,2025-06-18,7,7862.3,Midwest
ORD00535,P0047,RHA4,2025-10-19,3,922.42,Midwest
ORD00536,P0047,RHA2,2026-05-19,5,1212.52,Midwest
ORD00537,P0047,RHA_REDENSITY,2026-02-08,5,2093.36,Midwest
ORD00538,P0047,RHA_REDENSITY,2025-10-12,8,7317.15,Midwest
ORD00539,P0047,RHA_REDENSITY,2026-04-07,2,1096.51,Midwest
ORD00540,P0047,RHA3,2025-08-29,9,11424.55,Midwest
ORD00541,P0047,SKINPEN,2026-05-13,8,7282.07,Midwest
ORD00542,P0047,DAXXIFY,2025-10-29,4,2348.09,Midwest
ORD00543,P0047,RHA4,2026-05-18,5,3265.75,Midwest
ORD00544,P0047,RHA4,2026-04-20,2,2416.64,Midwest
ORD00545,P0047,RHA2,2026-02-02,10,10958.74,Midwest
ORD00546,P0047,RHA_REDENSITY,2025-06-05,7,2910.43,Midwest
ORD00547,P0047,RHA2,2026-03-24,4,4988.29,Midwest
ORD00548,P0048,RHA_REDENSITY,2025-12-06,5,4879.57,Southwest
ORD00549,P0048,RHA3,2026-03-09,5,2880.67,Southwest
ORD00550,P0048,RHA_REDENSITY,2026-01-18,2,752.53,Southwest
ORD00551,P0048,DAXXIFY,2025-11-05,5,6635.81,Southwest
ORD00552,P0048,SKINPEN,2026-03-31,3,1573.74,Southwest
ORD00553,P0048,RHA3,2025-06-04,4,4759.66,Southwest
ORD00554,P0048,RHA4,2025-06-22,8,3078.58,Southwest
ORD00555,P0048,RHA3,2025-07-15,7,4814.07,Southwest
ORD00556,P0048,SKINPEN,2026-04-26,2,1447.41,Southwest
ORD00557,P0048,SKINPEN,2026-01-12,6,4746.63,Southwest
ORD00558,P0048,RHA3,2025-09-27,10,2032.15,Southwest
ORD00559,P0048,SKINPEN,2026-04-17,8,8202.34,Southwest
ORD00560,P0048,RHA3,2025-06-11,2,2468.76,Southwest
ORD00561,P0048,RHA2,2025-11-12,7,8906.11,Southwest
ORD00562,P0048,RHA3,2025-09-23,6,7661.08,Southwest
ORD00563,P0048,RHA_REDENSITY,2025-12-13,10,3697.73,Southwest
ORD00564,P0048,RHA3,2025-09-28,1,259.73,Southwest
ORD00565,P0048,RHA4,2025-07-18,1,361.51,Southwest
ORD00566,P0048,RHA4,2026-03-15,8,1607.03,Southwest
ORD00567,P0049,SKINPEN,2026-02-20,3,4040.38,West
ORD00568,P0049,RHA2,2025-12-31,5,1606.71,West
ORD00569,P0049,RHA3,2025-12-01,2,1366.79,West
ORD00570,P0049,RHA2,2025-07-06,1,715.24,West
ORD00571,P0049,SKINPEN,2025-12-29,4,3032.0,West
ORD00572,P0049,SKINPEN,2026-04-18,2,402.82,West
ORD00573,P0049,DAXXIFY,2025-10-02,3,2915.35,West
ORD00574,P0049,SKINPEN,2025-09-11,8,1696.58,West
ORD00575,P0049,RHA3,2025-06-12,2,2969.2,West
ORD00576,P0049,SKINPEN,2025-10-30,3,2463.03,West
ORD00577,P0049,RHA4,2026-02-06,2,2299.98,West
ORD00578,P0049,DAXXIFY,2026-04-12,6,4066.98,West
ORD00579,P0049,RHA2,2026-01-01,7,8438.49,West
ORD00580,P0049,SKINPEN,2026-03-27,3,866.81,West
ORD00581,P0050,RHA_REDENSITY,2026-05-30,3,2316.39,West
ORD00582,P0050,SKINPEN,2026-02-14,3,4187.59,West
ORD00583,P0050,SKINPEN,2025-07-23,8,10543.61,West
ORD00584,P0050,DAXXIFY,2026-04-20,3,3534.54,West
ORD00585,P0050,SKINPEN,2025-08-06,7,4598.97,West
ORD00586,P0050,RHA3,2025-10-27,3,1566.37,West
ORD00587,P0050,DAXXIFY,2025-07-08,4,3677.66,West
ORD00588,P0050,SKINPEN,2025-07-31,10,5703.97,West
ORD00589,P0050,DAXXIFY,2025-06-15,5,2335.4,West
ORD00590,P0050,RHA_REDENSITY,2025-07-28,4,4688.79,West
ORD00591,P0050,SKINPEN,2026-01-03,1,1218.94,West
ORD00592,P0050,RHA4,2026-02-01,7,2425.97,West
ORD00593,P0050,SKINPEN,2025-09-21,10,2923.16,West
ORD00594,P0050,RHA3,2026-05-28,6,2229.47,West
ORD00595,P0050,RHA4,2025-08-16,6,5461.58,West
ORD00596,P0050,RHA4,2026-03-07,2,443.39,West
ORD00597,P0050,DAXXIFY,2026-04-30,5,2402.33,West
ORD00598,P0050,RHA4,2026-05-04,9,5151.91,West
ORD00599,P0050,RHA_REDENSITY,2025-06-04,7,5254.53,West
ORD00600,P0051,SKINPEN,2026-04-22,9,8090.57,Northeast
ORD00601,P0051,RHA3,2026-03-17,2,1205.76,Northeast
ORD00602,P0051,RHA2,2025-09-15,3,2691.92,Northeast
ORD00603,P0051,RHA_REDENSITY,2025-11-15,2,1206.44,Northeast
ORD00604,P0051,SKINPEN,2025-10-23,4,1101.11,Northeast
ORD00605,P0051,RHA4,2026-04-20,2,1578.77,Northeast
ORD00606,P0051,DAXXIFY,2025-07-27,5,5329.52,Northeast
ORD00607,P0051,SKINPEN,2025-07-02,3,1065.83,Northeast
ORD00608,P0051,RHA2,2025-06-06,1,412.98,Northeast
ORD00609,P0051,RHA_REDENSITY,2025-12-08,9,10960.95,Northeast
ORD00610,P0051,RHA2,2026-01-22,6,2190.06,Northeast
ORD00611,P0051,SKINPEN,2026-01-17,2,2405.72,Northeast
ORD00612,P0051,RHA3,2026-05-19,7,3875.02,Northeast
ORD00613,P0052,SKINPEN,2026-01-20,10,10157.93,Midwest
ORD00614,P0052,RHA4,2025-09-22,9,6013.45,Midwest
ORD00615,P0052,RHA_REDENSITY,2025-09-21,3,2033.98,Midwest
ORD00616,P0053,RHA_REDENSITY,2026-04-12,2,993.85,Southwest
ORD00617,P0053,DAXXIFY,2025-09-16,1,1316.3,Southwest
ORD00618,P0053,RHA2,2026-05-28,1,813.29,Southwest
ORD00619,P0053,RHA2,2025-11-19,3,4231.52,Southwest
ORD00620,P0053,RHA_REDENSITY,2026-05-16,7,3443.09,Southwest
ORD00621,P0053,RHA4,2026-01-27,6,3315.81,Southwest
ORD00622,P0053,RHA_REDENSITY,2026-04-25,6,2131.33,Southwest
ORD00623,P0053,DAXXIFY,2025-06-24,3,1470.42,Southwest
ORD00624,P0053,DAXXIFY,2025-09-12,7,2027.23,Southwest
ORD00625,P0054,RHA3,2026-01-10,6,1873.81,Midwest
ORD00626,P0054,DAXXIFY,2025-10-13,6,2765.23,Midwest
ORD00627,P0054,RHA3,2025-08-19,10,5153.59,Midwest
ORD00628,P0054,RHA_REDENSITY,2025-11-27,8,11976.99,Midwest
ORD00629,P0054,SKINPEN,2026-02-23,9,10697.64,Midwest
ORD00630,P0054,RHA2,2026-01-29,1,1412.12,Midwest
ORD00631,P0054,RHA2,2026-05-22,9,5853.16,Midwest
ORD00632,P0054,DAXXIFY,2025-06-13,6,1211.4,Midwest
ORD00633,P0054,RHA4,2025-07-02,5,1675.67,Midwest
ORD00634,P0054,RHA2,2025-09-05,7,5877.46,Midwest
ORD00635,P0054,RHA2,2026-05-04,5,1604.67,Midwest
ORD00636,P0054,RHA_REDENSITY,2026-02-05,7,7777.71,Midwest
ORD00637,P0054,RHA4,2025-11-25,2,1910.0,Midwest
ORD00638,P0054,RHA2,2025-09-18,7,2080.96,Midwest
ORD00639,P0054,DAXXIFY,2025-08-17,7,7428.24,Midwest
ORD00640,P0055,RHA3,2026-02-02,5,6530.94,Northeast
ORD00641,P0055,SKINPEN,2025-11-14,6,3680.85,Northeast
ORD00642,P0055,RHA2,2026-01-15,2,2853.24,Northeast
ORD00643,P0055,RHA_REDENSITY,2026-03-26,2,804.07,Northeast
ORD00644,P0055,RHA4,2026-03-11,8,4865.95,Northeast
ORD00645,P0056,RHA3,2025-09-02,4,3149.97,Southwest
ORD00646,P0056,RHA3,2025-10-09,2,635.09,Southwest
ORD00647,P0056,RHA3,2025-06-17,10,2524.29,Southwest
ORD00648,P0056,RHA2,2025-12-18,2,2249.01,Southwest
ORD00649,P0057,RHA_REDENSITY,2025-11-13,1,1080.34,Southeast
ORD00650,P0057,RHA2,2026-01-21,1,1437.73,Southeast
ORD00651,P0057,RHA_REDENSITY,2025-10-15,9,4723.28,Southeast
ORD00652,P0057,DAXXIFY,2025-10-10,3,1073.67,Southeast
ORD00653,P0057,RHA2,2026-05-03,3,1372.72,Southeast
ORD00654,P0057,RHA3,2025-11-10,2,1914.04,Southeast
ORD00655,P0057,DAXXIFY,2026-01-22,1,1496.31,Southeast
ORD00656,P0057,SKINPEN,2026-02-22,8,10016.71,Southeast
ORD00657,P0057,RHA3,2026-04-17,2,511.01,Southeast
ORD00658,P0057,DAXXIFY,2025-10-10,3,4204.11,Southeast
ORD00659,P0057,SKINPEN,2025-10-25,7,5914.75,Southeast
ORD00660,P0057,SKINPEN,2025-11-20,7,2972.55,Southeast
ORD00661,P0058,RHA3,2026-02-28,5,3899.07,Southeast
ORD00662,P0058,DAXXIFY,2026-03-19,10,10049.3,Southeast
ORD00663,P0058,SKINPEN,2026-01-29,5,4242.8,Southeast
ORD00664,P0058,RHA4,2025-08-26,1,314.04,Southeast
ORD00665,P0058,RHA2,2025-11-19,7,3215.07,Southeast
ORD00666,P0058,RHA2,2025-09-07,9,11099.7,Southeast
ORD00667,P0058,SKINPEN,2025-11-20,6,4941.54,Southeast
ORD00668,P0059,RHA_REDENSITY,2025-12-09,9,5562.77,Northeast
ORD00669,P0059,RHA2,2026-01-16,1,614.54,Northeast
ORD00670,P0059,DAXXIFY,2026-02-11,5,1380.84,Northeast
ORD00671,P0059,RHA_REDENSITY,2025-10-05,6,7181.37,Northeast
ORD00672,P0059,RHA2,2026-02-04,2,1044.43,Northeast
ORD00673,P0059,RHA3,2026-01-31,9,11350.54,Northeast
ORD00674,P0059,RHA2,2026-05-06,10,13004.57,Northeast
ORD00675,P0059,RHA3,2025-11-17,3,1286.79,Northeast
ORD00676,P0059,RHA3,2025-08-04,6,8329.04,Northeast
ORD00677,P0059,SKINPEN,2026-05-20,6,8590.96,Northeast
ORD00678,P0059,RHA2,2025-08-19,10,14328.79,Northeast
ORD00679,P0059,RHA_REDENSITY,2025-09-24,5,2141.12,Northeast
ORD00680,P0059,DAXXIFY,2026-05-15,1,502.41,Northeast
ORD00681,P0059,DAXXIFY,2026-02-11,9,7392.47,Northeast
ORD00682,P0059,RHA_REDENSITY,2025-12-16,4,4993.52,Northeast
ORD00683,P0059,SKINPEN,2025-12-11,3,4183.25,Northeast
ORD00684,P0060,DAXXIFY,2026-05-04,3,2887.78,West
ORD00685,P0060,DAXXIFY,2026-03-23,9,11869.83,West
ORD00686,P0060,RHA3,2026-04-27,7,6732.75,West
ORD00687,P0060,RHA3,2025-12-13,6,2264.32,West
ORD00688,P0060,SKINPEN,2026-03-15,7,8605.77,West
ORD00689,P0060,SKINPEN,2025-09-27,6,2558.78,West
ORD00690,P0060,SKINPEN,2025-08-20,10,12230.89,West
ORD00691,P0060,SKINPEN,2026-02-09,10,12587.91,West
ORD00692,P0060,RHA3,2025-11-22,5,1827.76,West
ORD00693,P0060,SKINPEN,2026-06-03,10,7090.82,West
ORD00694,P0060,DAXXIFY,2025-08-17,3,2949.32,West
ORD00695,P0061,SKINPEN,2026-02-10,10,3353.43,Southwest
ORD00696,P0061,RHA2,2025-09-22,6,7013.68,Southwest
ORD00697,P0061,RHA3,2026-02-02,6,2509.52,Southwest
ORD00698,P0061,SKINPEN,2026-04-19,6,4683.71,Southwest
ORD00699,P0061,RHA2,2026-01-19,4,4404.52,Southwest
ORD00700,P0061,RHA3,2025-12-06,2,2273.08,Southwest
ORD00701,P0061,RHA4,2026-05-10,8,9218.88,Southwest
ORD00702,P0061,RHA4,2026-03-10,8,10770.41,Southwest
ORD00703,P0061,RHA_REDENSITY,2025-12-06,7,2323.0,Southwest
ORD00704,P0061,RHA_REDENSITY,2025-10-01,4,1645.81,Southwest
ORD00705,P0061,DAXXIFY,2026-04-27,5,1130.51,Southwest
ORD00706,P0061,DAXXIFY,2026-01-21,2,1288.7,Southwest
ORD00707,P0061,RHA2,2025-11-23,2,1822.32,Southwest
ORD00708,P0061,RHA3,2026-04-17,10,14808.59,Southwest
ORD00709,P0061,SKINPEN,2025-09-29,1,760.72,Southwest
ORD00710,P0061,RHA2,2025-07-04,10,13566.79,Southwest
ORD00711,P0061,DAXXIFY,2026-03-15,2,1260.85,Southwest
ORD00712,P0061,RHA4,2026-02-26,9,10247.85,Southwest
ORD00713,P0061,RHA3,2025-08-31,5,2933.1,Southwest
ORD00714,P0061,DAXXIFY,2026-04-15,7,6603.11,Southwest
ORD00715,P0062,DAXXIFY,2026-03-17,6,1229.76,Southeast
ORD00716,P0062,RHA3,2026-04-20,10,8244.27,Southeast
ORD00717,P0062,DAXXIFY,2026-04-15,4,1688.33,Southeast
ORD00718,P0062,DAXXIFY,2026-01-05,8,10375.2,Southeast
ORD00719,P0062,RHA4,2025-12-28,8,6686.61,Southeast
ORD00720,P0062,RHA3,2025-06-30,2,2068.85,Southeast
ORD00721,P0062,RHA2,2025-11-17,6,8106.84,Southeast
ORD00722,P0062,RHA2,2025-11-26,8,2064.02,Southeast
ORD00723,P0062,RHA4,2025-10-21,5,2470.57,Southeast
ORD00724,P0062,RHA_REDENSITY,2026-01-17,1,396.47,Southeast
ORD00725,P0062,SKINPEN,2025-06-12,2,622.84,Southeast
ORD00726,P0062,RHA_REDENSITY,2025-12-09,7,10233.42,Southeast
ORD00727,P0062,RHA2,2025-08-06,9,2513.51,Southeast
ORD00728,P0062,RHA_REDENSITY,2025-11-17,7,10187.21,Southeast
ORD00729,P0062,RHA4,2025-06-17,10,13461.5,Southeast
ORD00730,P0062,RHA3,2025-10-03,2,1426.49,Southeast
ORD00731,P0063,RHA_REDENSITY,2025-09-19,9,11165.27,Northeast
ORD00732,P0063,RHA_REDENSITY,2025-06-22,3,1069.1,Northeast
ORD00733,P0064,RHA2,2026-03-07,4,5004.0,Southwest
ORD00734,P0064,DAXXIFY,2026-03-31,7,2113.15,Southwest
ORD00735,P0064,RHA4,2025-06-19,4,5985.8,Southwest
ORD00736,P0064,RHA2,2025-07-17,10,5352.52,Southwest
ORD00737,P0064,DAXXIFY,2026-04-30,7,6462.91,Southwest
ORD00738,P0064,RHA3,2025-08-25,5,4377.97,Southwest
ORD00739,P0064,SKINPEN,2026-05-28,10,9638.49,Southwest
ORD00740,P0064,DAXXIFY,2025-11-01,7,2761.75,Southwest
ORD00741,P0064,RHA_REDENSITY,2025-08-17,10,11858.91,Southwest
ORD00742,P0064,DAXXIFY,2026-04-13,10,12134.08,Southwest
ORD00743,P0064,RHA_REDENSITY,2026-01-08,6,8047.57,Southwest
ORD00744,P0064,RHA4,2026-01-19,8,7549.04,Southwest
ORD00745,P0064,DAXXIFY,2025-10-04,3,1674.12,Southwest
ORD00746,P0064,RHA_REDENSITY,2026-03-22,10,10850.57,Southwest
ORD00747,P0064,DAXXIFY,2025-11-10,7,9495.13,Southwest
ORD00748,P0065,RHA2,2025-06-15,1,1169.47,Northeast
ORD00749,P0065,RHA3,2026-01-17,1,639.23,Northeast
ORD00750,P0065,RHA3,2025-12-30,5,6478.5,Northeast
ORD00751,P0065,SKINPEN,2025-06-12,2,2928.49,Northeast
ORD00752,P0065,RHA2,2026-02-07,5,7332.43,Northeast
ORD00753,P0065,RHA3,2025-10-20,5,5737.2,Northeast
ORD00754,P0065,SKINPEN,2025-07-29,2,888.63,Northeast
ORD00755,P0065,RHA4,2026-02-15,8,9498.73,Northeast
ORD00756,P0065,DAXXIFY,2025-11-24,9,11060.44,Northeast
ORD00757,P0065,RHA3,2026-05-01,9,6519.61,Northeast
ORD00758,P0065,RHA_REDENSITY,2025-09-08,1,425.86,Northeast
ORD00759,P0066,RHA2,2026-05-05,1,793.38,Southeast
ORD00760,P0066,SKINPEN,2025-12-01,4,2224.68,Southeast
ORD00761,P0066,RHA_REDENSITY,2025-10-09,7,7182.23,Southeast
ORD00762,P0066,SKINPEN,2026-04-01,1,514.52,Southeast
ORD00763,P0066,RHA_REDENSITY,2025-09-26,8,3446.87,Southeast
ORD00764,P0066,RHA_REDENSITY,2025-10-04,9,5892.19,Southeast
ORD00765,P0066,RHA3,2026-03-12,2,1141.18,Southeast
ORD00766,P0067,RHA2,2026-05-09,10,12137.79,Southwest
ORD00767,P0067,RHA2,2026-02-14,4,4324.02,Southwest
ORD00768,P0067,SKINPEN,2026-01-17,7,6070.86,Southwest
ORD00769,P0067,DAXXIFY,2025-06-19,8,11079.76,Southwest
ORD00770,P0067,RHA2,2025-07-07,10,12411.24,Southwest
ORD00771,P0067,RHA3,2026-02-09,10,12466.11,Southwest
ORD00772,P0067,SKINPEN,2025-12-29,5,3754.74,Southwest
ORD00773,P0067,RHA3,2025-11-23,8,4220.79,Southwest
ORD00774,P0067,RHA3,2025-10-08,9,11444.44,Southwest
ORD00775,P0067,RHA_REDENSITY,2025-11-12,2,419.1,Southwest
ORD00776,P0067,RHA3,2025-06-29,9,9373.9,Southwest
ORD00777,P0067,RHA3,2025-07-27,5,5448.69,Southwest
ORD00778,P0067,DAXXIFY,2025-09-30,6,8909.22,Southwest
ORD00779,P0068,RHA3,2026-01-13,5,2224.34,West
ORD00780,P0068,RHA2,2025-09-12,1,1247.06,West
ORD00781,P0068,RHA4,2025-07-31,6,6509.89,West
ORD00782,P0068,SKINPEN,2026-05-21,8,11973.68,West
ORD00783,P0068,RHA4,2026-01-22,7,4933.3,West
ORD00784,P0068,RHA_REDENSITY,2026-05-16,10,12608.19,West
ORD00785,P0068,SKINPEN,2025-12-10,4,4368.85,West
ORD00786,P0068,RHA4,2025-07-12,6,5157.06,West
ORD00787,P0068,SKINPEN,2026-03-08,9,3919.29,West
ORD00788,P0068,RHA4,2026-04-15,3,3489.58,West
ORD00789,P0068,RHA2,2025-08-21,6,6304.59,West
ORD00790,P0069,RHA2,2025-12-04,5,3733.07,Midwest
ORD00791,P0069,RHA3,2025-12-16,5,4806.21,Midwest
ORD00792,P0069,DAXXIFY,2025-10-09,8,2158.24,Midwest
ORD00793,P0069,RHA_REDENSITY,2025-07-14,10,14275.91,Midwest
ORD00794,P0069,RHA4,2026-04-28,4,3402.48,Midwest
ORD00795,P0069,RHA4,2025-06-20,9,5290.76,Midwest
ORD00796,P0069,RHA2,2026-05-07,3,4470.16,Midwest
ORD00797,P0069,RHA4,2025-12-10,10,13606.99,Midwest
ORD00798,P0070,RHA3,2026-03-22,3,3637.87,West
ORD00799,P0070,RHA3,2025-09-27,3,1822.31,West
ORD00800,P0070,DAXXIFY,2026-05-05,8,4444.69,West
ORD00801,P0070,RHA_REDENSITY,2026-03-09,3,2509.35,West
ORD00802,P0070,RHA2,2026-04-19,10,7638.25,West
ORD00803,P0070,RHA4,2025-10-27,7,10184.48,West
ORD00804,P0070,DAXXIFY,2025-11-19,1,893.92,West
ORD00805,P0070,DAXXIFY,2025-11-24,6,7103.41,West
ORD00806,P0070,RHA2,2025-09-05,1,1079.77,West
ORD00807,P0070,SKINPEN,2025-07-18,4,1976.58,West
ORD00808,P0070,RHA3,2025-12-09,3,1000.56,West
ORD00809,P0070,RHA_REDENSITY,2025-09-19,5,2085.63,West
ORD00810,P0070,RHA3,2026-05-11,5,3963.52,West
ORD00811,P0070,RHA_REDENSITY,2025-09-10,9,5752.67,West
ORD00812,P0070,RHA2,2025-06-17,6,8969.88,West
ORD00813,P0071,RHA2,2025-12-02,3,4297.53,Northeast
ORD00814,P0071,DAXXIFY,2025-11-09,4,1966.47,Northeast
ORD00815,P0071,RHA2,2026-03-28,1,966.6,Northeast
ORD00816,P0071,DAXXIFY,2026-03-09,6,6746.66,Northeast
ORD00817,P0071,RHA4,2026-05-15,5,6013.12,Northeast
ORD00818,P0071,DAXXIFY,2025-07-19,10,14930.84,Northeast
ORD00819,P0071,DAXXIFY,2025-06-30,1,262.71,Northeast
ORD00820,P0071,RHA4,2026-04-05,8,5554.64,Northeast
ORD00821,P0071,RHA3,2025-08-27,8,8899.43,Northeast
ORD00822,P0071,SKINPEN,2026-02-18,1,591.45,Northeast
ORD00823,P0071,DAXXIFY,2025-06-30,9,4958.73,Northeast
ORD00824,P0071,SKINPEN,2025-07-28,3,2233.42,Northeast
ORD00825,P0071,RHA_REDENSITY,2026-04-11,10,3530.55,Northeast
ORD00826,P0071,DAXXIFY,2026-04-06,8,3665.93,Northeast
ORD00827,P0071,RHA3,2026-02-21,9,13185.5,Northeast
ORD00828,P0071,SKINPEN,2025-12-02,7,4087.7,Northeast
ORD00829,P0072,RHA4,2025-08-27,4,4378.66,Southwest
ORD00830,P0072,RHA3,2025-09-30,4,814.24,Southwest
ORD00831,P0073,RHA_REDENSITY,2026-04-08,8,3151.1,Southwest
ORD00832,P0073,RHA_REDENSITY,2026-04-18,2,2281.27,Southwest
ORD00833,P0073,RHA3,2026-04-13,4,3175.11,Southwest
ORD00834,P0074,RHA4,2026-01-19,1,329.75,Northeast
ORD00835,P0074,DAXXIFY,2026-03-06,5,3341.4,Northeast
ORD00836,P0074,RHA3,2025-06-22,7,8120.72,Northeast
ORD00837,P0074,DAXXIFY,2026-04-16,1,1307.6,Northeast
ORD00838,P0074,SKINPEN,2025-06-29,3,1881.78,Northeast
ORD00839,P0074,RHA_REDENSITY,2025-10-22,5,6710.09,Northeast
ORD00840,P0074,RHA3,2026-04-17,6,2626.38,Northeast
ORD00841,P0074,RHA4,2025-11-10,8,4427.06,Northeast
ORD00842,P0074,SKINPEN,2025-11-18,8,9918.95,Northeast
ORD00843,P0074,RHA2,2025-07-06,2,744.53,Northeast
ORD00844,P0075,DAXXIFY,2026-03-14,7,9692.16,West
ORD00845,P0075,RHA_REDENSITY,2025-09-29,8,3485.11,West
ORD00846,P0076,RHA_REDENSITY,2025-12-02,1,1321.35,Southwest
ORD00847,P0076,RHA4,2026-03-29,8,2774.55,Southwest
ORD00848,P0076,RHA4,2025-11-05,1,282.34,Southwest
ORD00849,P0076,RHA3,2025-07-03,1,1115.94,Southwest
ORD00850,P0076,RHA_REDENSITY,2025-06-21,10,11409.06,Southwest
ORD00851,P0076,SKINPEN,2026-02-09,6,5248.98,Southwest
ORD00852,P0076,SKINPEN,2025-06-16,10,3238.15,Southwest
ORD00853,P0076,SKINPEN,2025-06-30,4,3306.03,Southwest
ORD00854,P0076,SKINPEN,2025-06-29,7,2752.76,Southwest
ORD00855,P0076,RHA_REDENSITY,2025-08-22,1,215.14,Southwest
ORD00856,P0076,RHA_REDENSITY,2026-03-15,8,10459.46,Southwest
ORD00857,P0076,DAXXIFY,2026-03-11,8,4934.59,Southwest
ORD00858,P0076,RHA3,2025-12-16,1,859.01,Southwest
ORD00859,P0077,RHA4,2025-07-09,7,8835.64,Northeast
ORD00860,P0077,RHA4,2026-04-24,8,9933.12,Northeast
ORD00861,P0077,DAXXIFY,2025-10-17,8,6249.51,Northeast
ORD00862,P0077,RHA4,2026-04-04,1,333.44,Northeast
ORD00863,P0077,DAXXIFY,2025-11-04,9,8224.46,Northeast
ORD00864,P0077,RHA_REDENSITY,2026-04-18,10,10288.0,Northeast
ORD00865,P0077,RHA_REDENSITY,2025-09-16,4,4203.9,Northeast
ORD00866,P0077,RHA3,2025-10-13,6,7637.43,Northeast
ORD00867,P0077,RHA4,2026-02-09,6,5569.18,Northeast
ORD00868,P0077,RHA_REDENSITY,2025-07-21,8,9053.24,Northeast
ORD00869,P0077,SKINPEN,2025-11-29,8,2785.84,Northeast
ORD00870,P0077,RHA2,2025-07-01,1,643.76,Northeast
ORD00871,P0077,RHA3,2025-07-14,9,7907.23,Northeast
ORD00872,P0077,DAXXIFY,2025-06-09,1,1365.94,Northeast
ORD00873,P0077,RHA2,2025-09-24,7,2373.35,Northeast
ORD00874,P0077,RHA2,2025-07-26,4,1427.88,Northeast
ORD00875,P0077,RHA2,2025-11-14,8,10175.36,Northeast
ORD00876,P0077,SKINPEN,2026-02-26,6,2040.57,Northeast
ORD00877,P0078,SKINPEN,2026-05-11,10,3601.85,Northeast
ORD00878,P0078,RHA4,2025-10-16,10,14430.47,Northeast
ORD00879,P0078,RHA4,2026-03-27,1,889.47,Northeast
ORD00880,P0078,RHA_REDENSITY,2026-05-10,7,9033.23,Northeast
ORD00881,P0078,RHA_REDENSITY,2025-09-29,3,3298.09,Northeast
ORD00882,P0078,SKINPEN,2026-03-07,3,1003.86,Northeast
ORD00883,P0078,RHA_REDENSITY,2025-07-02,10,13475.05,Northeast
ORD00884,P0078,RHA4,2025-09-18,7,10313.46,Northeast
ORD00885,P0078,RHA2,2025-06-14,5,3586.15,Northeast
ORD00886,P0078,RHA3,2025-12-10,8,9969.89,Northeast
ORD00887,P0078,RHA4,2026-03-25,10,11100.19,Northeast
ORD00888,P0078,RHA3,2025-09-14,9,11870.28,Northeast
ORD00889,P0078,SKINPEN,2025-06-04,9,9201.22,Northeast
ORD00890,P0078,RHA2,2026-02-21,10,11287.0,Northeast
ORD00891,P0079,RHA2,2025-06-24,3,2565.18,Southwest
ORD00892,P0079,SKINPEN,2025-06-13,6,6740.75,Southwest
ORD00893,P0079,RHA_REDENSITY,2025-12-05,8,7661.19,Southwest
ORD00894,P0079,SKINPEN,2025-06-27,7,7535.62,Southwest
ORD00895,P0079,RHA3,2025-09-03,7,8755.57,Southwest
ORD00896,P0079,DAXXIFY,2025-09-09,1,695.13,Southwest
ORD00897,P0079,SKINPEN,2026-05-07,1,459.87,Southwest
ORD00898,P0079,RHA3,2026-03-13,5,1951.78,Southwest
ORD00899,P0079,SKINPEN,2026-05-03,5,2326.01,Southwest
ORD00900,P0079,DAXXIFY,2025-08-30,6,7549.4,Southwest
ORD00901,P0079,RHA_REDENSITY,2026-04-12,9,11918.65,Southwest
ORD00902,P0079,RHA_REDENSITY,2025-07-07,7,3562.12,Southwest
ORD00903,P0080,SKINPEN,2025-06-14,1,1404.43,Midwest
ORD00904,P0080,RHA4,2025-11-17,6,8733.5,Midwest
ORD00905,P0080,DAXXIFY,2026-05-07,5,2320.07,Midwest
ORD00906,P0080,RHA2,2025-10-20,6,7089.84,Midwest
ORD00907,P0080,SKINPEN,2025-08-28,10,4554.1,Midwest
ORD00908,P0080,RHA3,2026-02-24,8,3445.23,Midwest
ORD00909,P0080,DAXXIFY,2025-06-19,3,4353.65,Midwest
ORD00910,P0080,DAXXIFY,2025-09-13,7,1769.77,Midwest
ORD00911,P0080,RHA_REDENSITY,2026-01-12,5,1845.43,Midwest
ORD00912,P0080,RHA3,2025-08-08,1,629.73,Midwest
ORD00913,P0081,RHA2,2026-05-14,6,5855.67,Northeast
ORD00914,P0081,RHA_REDENSITY,2025-07-18,5,4188.58,Northeast
ORD00915,P0081,RHA_REDENSITY,2025-08-14,6,1768.47,Northeast
ORD00916,P0081,RHA3,2025-06-06,9,4373.56,Northeast
ORD00917,P0081,RHA_REDENSITY,2026-03-01,2,2444.27,Northeast
ORD00918,P0082,RHA_REDENSITY,2025-11-03,9,6519.98,Northeast
ORD00919,P0082,RHA2,2025-12-07,4,4249.34,Northeast
ORD00920,P0082,RHA3,2025-12-16,5,2419.89,Northeast
ORD00921,P0082,RHA_REDENSITY,2025-07-22,8,11964.96,Northeast
ORD00922,P0082,DAXXIFY,2025-07-06,2,2139.24,Northeast
ORD00923,P0082,RHA2,2025-10-18,10,13941.89,Northeast
ORD00924,P0083,SKINPEN,2026-05-14,6,4174.71,Midwest
ORD00925,P0083,RHA4,2026-04-06,5,4511.54,Midwest
ORD00926,P0083,DAXXIFY,2026-01-10,9,11418.68,Midwest
ORD00927,P0083,RHA_REDENSITY,2025-11-24,9,7013.02,Midwest
ORD00928,P0083,RHA3,2026-05-12,4,2465.63,Midwest
ORD00929,P0083,DAXXIFY,2026-04-22,3,4389.35,Midwest
ORD00930,P0083,RHA_REDENSITY,2025-09-01,1,1015.01,Midwest
ORD00931,P0083,SKINPEN,2026-02-16,4,5297.74,Midwest
ORD00932,P0084,RHA2,2026-04-11,9,11496.36,West
ORD00933,P0084,SKINPEN,2025-10-24,2,2341.92,West
ORD00934,P0084,DAXXIFY,2026-03-17,8,9055.43,West
ORD00935,P0084,DAXXIFY,2026-05-15,2,541.1,West
ORD00936,P0084,RHA_REDENSITY,2026-01-26,2,1894.9,West
ORD00937,P0084,RHA3,2026-02-07,7,4931.1,West
ORD00938,P0084,RHA4,2025-07-16,7,4279.28,West
ORD00939,P0084,SKINPEN,2025-11-16,2,1790.57,West
ORD00940,P0084,SKINPEN,2025-07-10,10,2822.09,West
ORD00941,P0084,DAXXIFY,2025-08-08,2,1330.02,West
ORD00942,P0084,DAXXIFY,2025-09-19,5,6114.8,West
ORD00943,P0084,RHA_REDENSITY,2025-12-31,2,1131.95,West
ORD00944,P0084,RHA4,2025-10-22,7,8881.31,West
ORD00945,P0084,RHA4,2026-05-19,3,2680.52,West
ORD00946,P0085,RHA_REDENSITY,2025-11-15,5,7240.87,Southeast
ORD00947,P0085,RHA3,2026-03-22,6,8667.65,Southeast
ORD00948,P0085,RHA_REDENSITY,2026-05-29,9,3454.07,Southeast
ORD00949,P0085,DAXXIFY,2026-05-13,10,9756.51,Southeast
ORD00950,P0085,RHA_REDENSITY,2025-09-01,2,1192.2,Southeast
ORD00951,P0086,RHA4,2026-02-15,9,3466.72,Southwest
ORD00952,P0086,RHA2,2026-03-01,10,12851.73,Southwest
ORD00953,P0086,DAXXIFY,2026-02-24,3,3216.81,Southwest
ORD00954,P0086,DAXXIFY,2025-08-17,9,7196.8,Southwest
ORD00955,P0086,DAXXIFY,2025-08-26,5,5365.95,Southwest
ORD00956,P0086,DAXXIFY,2026-01-26,4,4573.06,Southwest
ORD00957,P0086,RHA3,2025-09-27,6,2200.08,Southwest
ORD00958,P0086,RHA2,2025-07-03,2,1141.36,Southwest
ORD00959,P0086,RHA2,2026-04-29,6,4989.72,Southwest
ORD00960,P0086,RHA_REDENSITY,2025-12-17,5,5507.48,Southwest
ORD00961,P0086,RHA_REDENSITY,2026-03-17,10,6738.41,Southwest
ORD00962,P0086,RHA4,2025-12-24,3,618.84,Southwest
ORD00963,P0087,SKINPEN,2026-02-10,7,3917.79,Northeast
ORD00964,P0087,RHA2,2025-12-01,6,8047.51,Northeast
ORD00965,P0087,RHA4,2025-10-10,6,7243.18,Northeast
ORD00966,P0087,RHA_REDENSITY,2025-09-27,2,857.0,Northeast
ORD00967,P0087,DAXXIFY,2025-07-28,5,6581.64,Northeast
ORD00968,P0087,RHA_REDENSITY,2026-03-24,4,2168.82,Northeast
ORD00969,P0087,DAXXIFY,2025-07-18,2,2719.47,Northeast
ORD00970,P0087,SKINPEN,2025-09-17,1,1256.44,Northeast
ORD00971,P0088,RHA_REDENSITY,2025-11-08,4,5512.78,Northeast
ORD00972,P0088,RHA3,2025-08-25,9,12259.64,Northeast
ORD00973,P0088,RHA4,2025-08-31,3,2026.69,Northeast
ORD00974,P0088,RHA_REDENSITY,2026-02-09,5,1870.23,Northeast
ORD00975,P0088,RHA_REDENSITY,2025-09-20,2,1431.64,Northeast
ORD00976,P0088,DAXXIFY,2025-09-19,4,5209.51,Northeast
ORD00977,P0088,SKINPEN,2025-07-24,3,3553.1,Northeast
ORD00978,P0088,RHA4,2026-03-24,3,1298.67,Northeast
ORD00979,P0088,SKINPEN,2025-08-18,3,3470.09,Northeast
ORD00980,P0088,RHA3,2025-09-29,1,484.46,Northeast
ORD00981,P0088,RHA2,2025-09-27,2,1087.33,Northeast
ORD00982,P0088,DAXXIFY,2026-02-04,4,3493.0,Northeast
ORD00983,P0088,RHA4,2025-12-01,8,11146.18,Northeast
ORD00984,P0088,DAXXIFY,2026-05-11,6,2005.16,Northeast
ORD00985,P0088,SKINPEN,2025-09-10,5,6426.67,Northeast
ORD00986,P0088,RHA_REDENSITY,2026-01-20,9,8470.87,Northeast
ORD00987,P0088,SKINPEN,2025-11-23,7,4724.2,Northeast
ORD00988,P0088,DAXXIFY,2025-07-04,9,4743.56,Northeast
ORD00989,P0088,RHA_REDENSITY,2026-02-09,7,4611.37,Northeast
ORD00990,P0089,RHA4,2025-09-27,10,2085.77,Northeast
ORD00991,P0089,RHA4,2026-03-24,3,1496.96,Northeast
ORD00992,P0089,SKINPEN,2025-09-13,5,2374.86,Northeast
ORD00993,P0089,RHA2,2026-02-28,6,5895.76,Northeast
ORD00994,P0089,SKINPEN,2026-04-04,4,2955.99,Northeast
ORD00995,P0089,SKINPEN,2025-12-16,2,1651.94,Northeast
ORD00996,P0089,RHA4,2025-10-01,4,3872.11,Northeast
ORD00997,P0089,RHA4,2025-07-07,1,516.77,Northeast
ORD00998,P0089,RHA_REDENSITY,2026-03-30,10,4094.68,Northeast
ORD00999,P0089,RHA_REDENSITY,2025-07-16,1,1358.04,Northeast
ORD01000,P0089,DAXXIFY,2026-03-20,3,1607.21,Northeast
ORD01001,P0089,RHA_REDENSITY,2026-03-03,7,6854.15,Northeast
ORD01002,P0090,DAXXIFY,2025-07-12,5,7157.15,Southeast
ORD01003,P0090,RHA4,2026-02-13,10,14906.09,Southeast
ORD01004,P0090,RHA2,2025-09-30,4,5117.89,Southeast
ORD01005,P0090,RHA2,2025-07-31,10,12665.89,Southeast
ORD01006,P0090,RHA_REDENSITY,2026-03-02,9,4894.89,Southeast
ORD01007,P0090,RHA3,2025-06-17,8,7803.95,Southeast
ORD01008,P0090,RHA2,2026-04-29,7,4907.7,Southeast
ORD01009,P0090,DAXXIFY,2026-04-09,4,3518.1,Southeast
ORD01010,P0090,SKINPEN,2025-09-18,7,8921.28,Southeast
ORD01011,P0090,DAXXIFY,2025-07-28,3,2455.89,Southeast
ORD01012,P0090,RHA_REDENSITY,2025-07-24,1,1341.08,Southeast
ORD01013,P0090,RHA_REDENSITY,2025-09-04,2,642.29,Southeast
ORD01014,P0090,RHA2,2025-07-01,10,9010.72,Southeast
ORD01015,P0090,SKINPEN,2026-06-03,7,6150.6,Southeast
ORD01016,P0090,DAXXIFY,2025-11-26,9,6818.79,Southeast
ORD01017,P0090,RHA4,2025-09-30,6,5794.58,Southeast
ORD01018,P0090,RHA_REDENSITY,2025-06-12,2,1506.27,Southeast
ORD01019,P0090,RHA4,2026-01-24,4,5532.44,Southeast
ORD01020,P0090,RHA3,2026-04-22,10,13397.96,Southeast
ORD01021,P0091,RHA2,2026-01-23,1,1121.89,Southeast
ORD01022,P0091,RHA_REDENSITY,2026-05-31,9,3178.59,Southeast
ORD01023,P0091,RHA4,2026-05-31,4,4376.39,Southeast
ORD01024,P0091,RHA4,2025-12-24,6,2031.35,Southeast
ORD01025,P0091,SKINPEN,2025-10-28,10,5297.23,Southeast
ORD01026,P0091,RHA4,2025-09-02,10,6753.37,Southeast
ORD01027,P0091,SKINPEN,2026-01-13,7,8270.24,Southeast
ORD01028,P0091,RHA_REDENSITY,2025-11-04,9,7444.87,Southeast
ORD01029,P0091,RHA_REDENSITY,2025-11-26,9,7459.99,Southeast
ORD01030,P0091,RHA_REDENSITY,2025-12-28,6,7238.72,Southeast
ORD01031,P0091,SKINPEN,2025-11-12,3,3934.5,Southeast
ORD01032,P0091,DAXXIFY,2025-07-01,4,3122.29,Southeast
ORD01033,P0091,RHA2,2025-06-10,2,957.59,Southeast
ORD01034,P0091,RHA3,2025-11-10,9,8984.1,Southeast
ORD01035,P0092,RHA4,2026-03-13,1,1245.68,Midwest
ORD01036,P0092,RHA4,2026-03-21,10,7659.91,Midwest
ORD01037,P0093,RHA2,2026-01-20,6,1824.31,Northeast
ORD01038,P0093,SKINPEN,2026-05-15,7,9869.23,Northeast
ORD01039,P0093,RHA_REDENSITY,2025-11-10,9,5151.69,Northeast
ORD01040,P0094,RHA2,2026-05-05,8,6165.31,Southeast
ORD01041,P0094,SKINPEN,2026-02-20,9,5146.28,Southeast
ORD01042,P0094,RHA_REDENSITY,2026-05-17,9,7835.02,Southeast
ORD01043,P0094,RHA_REDENSITY,2026-02-05,3,3228.7,Southeast
ORD01044,P0094,RHA2,2025-12-01,1,1468.34,Southeast
ORD01045,P0094,RHA3,2026-04-20,7,4613.46,Southeast
ORD01046,P0094,RHA4,2025-11-13,10,4604.03,Southeast
ORD01047,P0094,SKINPEN,2026-05-27,2,2789.86,Southeast
ORD01048,P0094,RHA3,2025-08-26,9,12505.6,Southeast
ORD01049,P0094,RHA3,2025-12-07,5,2470.92,Southeast
ORD01050,P0094,RHA4,2026-02-24,7,6631.65,Southeast
ORD01051,P0094,RHA2,2026-01-21,7,6006.77,Southeast
ORD01052,P0094,DAXXIFY,2025-08-21,9,5242.75,Southeast
ORD01053,P0094,RHA_REDENSITY,2026-04-05,5,6694.73,Southeast
ORD01054,P0094,RHA3,2025-08-13,8,11646.98,Southeast
ORD01055,P0094,RHA4,2025-08-19,4,4738.86,Southeast
ORD01056,P0094,SKINPEN,2025-10-12,8,10923.85,Southeast
ORD01057,P0094,RHA4,2026-05-20,2,1070.33,Southeast
ORD01058,P0094,SKINPEN,2025-11-20,4,4319.95,Southeast
ORD01059,P0094,RHA3,2026-02-06,7,10094.56,Southeast
ORD01060,P0095,DAXXIFY,2025-09-02,5,2613.67,Southeast
ORD01061,P0095,RHA4,2026-04-17,6,1793.02,Southeast
ORD01062,P0095,RHA4,2026-03-04,6,3957.6,Southeast
ORD01063,P0095,RHA3,2025-08-14,3,4293.76,Southeast
ORD01064,P0095,RHA2,2025-06-19,8,9265.97,Southeast
ORD01065,P0095,SKINPEN,2026-02-03,4,5338.26,Southeast
ORD01066,P0095,RHA2,2026-02-18,4,5141.69,Southeast
ORD01067,P0095,RHA3,2025-07-22,3,3637.86,Southeast
ORD01068,P0095,DAXXIFY,2026-04-03,8,7983.8,Southeast
ORD01069,P0095,DAXXIFY,2025-08-30,8,5460.44,Southeast
ORD01070,P0095,RHA4,2025-12-24,10,13293.99,Southeast
ORD01071,P0095,RHA2,2025-09-25,9,5079.12,Southeast
ORD01072,P0095,RHA_REDENSITY,2026-02-10,3,811.18,Southeast
ORD01073,P0095,RHA4,2025-10-30,9,2180.98,Southeast
ORD01074,P0095,RHA4,2025-12-08,3,2383.06,Southeast
ORD01075,P0095,SKINPEN,2026-04-03,9,7182.83,Southeast
ORD01076,P0095,DAXXIFY,2025-06-16,1,1076.33,Southeast
ORD01077,P0096,DAXXIFY,2025-08-10,6,4020.5,West
ORD01078,P0096,RHA2,2026-01-22,9,4875.33,West
ORD01079,P0096,RHA4,2026-01-17,10,6460.25,West
ORD01080,P0096,RHA4,2026-03-01,7,3315.85,West
ORD01081,P0096,RHA3,2025-06-10,6,7863.74,West
ORD01082,P0096,RHA4,2026-01-11,3,2828.5,West
ORD01083,P0096,SKINPEN,2025-08-13,4,5033.79,West
ORD01084,P0096,RHA2,2026-01-16,9,6856.96,West
ORD01085,P0096,RHA2,2025-11-20,3,3720.15,West
ORD01086,P0096,RHA4,2026-03-19,1,429.59,West
ORD01087,P0096,RHA2,2025-09-21,9,8047.6,West
ORD01088,P0096,RHA4,2025-12-24,5,2631.33,West
ORD01089,P0096,DAXXIFY,2025-08-17,7,2300.67,West
ORD01090,P0097,RHA2,2026-05-04,5,4097.51,Midwest
ORD01091,P0097,DAXXIFY,2025-07-16,8,9343.77,Midwest
ORD01092,P0097,RHA3,2026-01-21,6,5570.73,Midwest
ORD01093,P0097,RHA3,2026-01-23,1,735.29,Midwest
ORD01094,P0097,SKINPEN,2025-12-06,10,4586.46,Midwest
ORD01095,P0097,SKINPEN,2025-08-13,9,3842.1,Midwest
ORD01096,P0098,RHA3,2025-12-04,9,7503.68,Southwest
ORD01097,P0098,DAXXIFY,2025-10-18,7,6984.34,Southwest
ORD01098,P0098,SKINPEN,2025-10-09,3,3986.2,Southwest
ORD01099,P0098,RHA3,2025-07-11,7,7144.59,Southwest
ORD01100,P0098,RHA4,2025-08-15,2,605.69,Southwest
ORD01101,P0098,RHA2,2025-12-10,6,3671.65,Southwest
ORD01102,P0098,SKINPEN,2026-01-05,5,4935.0,Southwest
ORD01103,P0098,RHA3,2025-11-13,8,9722.13,Southwest
ORD01104,P0098,SKINPEN,2025-11-30,10,8772.16,Southwest
ORD01105,P0098,RHA4,2025-10-16,3,1317.16,Southwest
ORD01106,P0099,SKINPEN,2026-03-31,4,4242.52,Midwest
ORD01107,P0100,RHA2,2026-02-16,7,2337.38,Southwest
ORD01108,P0100,RHA4,2026-05-02,9,2429.76,Southwest
ORD01109,P0100,RHA_REDENSITY,2025-11-12,2,670.21,Southwest
ORD01110,P0101,DAXXIFY,2026-03-16,7,4215.27,Midwest
ORD01111,P0101,SKINPEN,2026-01-28,5,3880.54,Midwest
ORD01112,P0101,RHA2,2026-03-31,9,11610.66,Midwest
ORD01113,P0101,DAXXIFY,2026-05-20,6,7910.88,Midwest
ORD01114,P0101,RHA4,2025-12-19,8,11739.81,Midwest
ORD01115,P0101,RHA3,2025-08-31,9,7004.69,Midwest
ORD01116,P0101,RHA_REDENSITY,2025-06-11,3,2904.24,Midwest
ORD01117,P0101,SKINPEN,2025-10-13,10,7654.71,Midwest
ORD01118,P0101,SKINPEN,2025-07-11,9,5423.04,Midwest
ORD01119,P0101,RHA4,2025-12-08,9,4457.4,Midwest
ORD01120,P0101,RHA4,2026-04-19,5,3377.59,Midwest
ORD01121,P0101,RHA2,2026-01-21,5,1068.61,Midwest
ORD01122,P0101,RHA2,2025-09-09,6,3436.75,Midwest
ORD01123,P0101,DAXXIFY,2025-09-03,8,11448.36,Midwest
ORD01124,P0101,RHA3,2025-10-02,1,1195.63,Midwest
ORD01125,P0101,RHA_REDENSITY,2026-01-05,4,4943.19,Midwest
ORD01126,P0101,RHA3,2025-08-27,4,2941.03,Midwest
ORD01127,P0101,RHA4,2025-08-20,7,3674.05,Midwest
ORD01128,P0101,RHA4,2025-07-08,7,3407.39,Midwest
ORD01129,P0101,RHA4,2026-04-24,4,3486.37,Midwest
ORD01130,P0102,SKINPEN,2025-06-13,5,2850.4,Southwest
ORD01131,P0102,RHA3,2025-09-04,7,3110.81,Southwest
ORD01132,P0102,RHA2,2026-04-29,3,1729.42,Southwest
ORD01133,P0102,RHA4,2025-07-12,10,7885.97,Southwest
ORD01134,P0102,RHA_REDENSITY,2025-06-10,8,3553.01,Southwest
ORD01135,P0102,RHA2,2026-05-25,1,1460.63,Southwest
ORD01136,P0102,RHA2,2026-05-23,2,1133.5,Southwest
ORD01137,P0102,SKINPEN,2026-03-31,8,9161.91,Southwest
ORD01138,P0102,DAXXIFY,2026-02-04,3,657.43,Southwest
ORD01139,P0102,RHA3,2026-02-12,7,4235.35,Southwest
ORD01140,P0102,RHA3,2025-09-21,8,8848.12,Southwest
ORD01141,P0102,RHA3,2026-05-18,2,2593.22,Southwest
ORD01142,P0102,DAXXIFY,2026-03-21,5,6041.74,Southwest
ORD01143,P0102,RHA_REDENSITY,2026-04-28,8,3488.68,Southwest
ORD01144,P0102,RHA4,2026-01-26,1,358.55,Southwest
ORD01145,P0102,RHA4,2026-01-27,8,4170.49,Southwest
ORD01146,P0102,RHA2,2026-05-17,8,9247.36,Southwest
ORD01147,P0102,RHA_REDENSITY,2026-04-16,4,3258.69,Southwest
ORD01148,P0102,RHA3,2025-06-20,6,2437.17,Southwest
ORD01149,P0102,SKINPEN,2026-05-13,9,7894.84,Southwest
ORD01150,P0103,SKINPEN,2025-09-30,5,2291.7,West
ORD01151,P0103,SKINPEN,2026-05-08,4,5861.03,West
ORD01152,P0103,SKINPEN,2026-02-03,7,4353.07,West
ORD01153,P0103,RHA3,2026-03-10,10,3555.44,West
ORD01154,P0103,DAXXIFY,2026-01-30,1,955.4,West
ORD01155,P0103,RHA4,2025-06-15,10,4014.9,West
ORD01156,P0103,RHA2,2026-04-19,3,2549.68,West
ORD01157,P0103,RHA_REDENSITY,2025-06-17,6,8460.62,West
ORD01158,P0103,DAXXIFY,2025-07-18,1,662.17,West
ORD01159,P0104,RHA_REDENSITY,2025-06-09,2,727.15,Southwest
ORD01160,P0104,RHA3,2026-02-04,9,11026.17,Southwest
ORD01161,P0104,RHA4,2025-12-08,4,911.03,Southwest
ORD01162,P0104,RHA3,2025-11-22,3,1577.72,Southwest
ORD01163,P0104,RHA4,2026-05-14,8,7413.86,Southwest
ORD01164,P0105,RHA4,2025-06-12,4,3746.85,Midwest
ORD01165,P0105,RHA3,2025-08-29,6,6912.74,Midwest
ORD01166,P0105,RHA_REDENSITY,2026-01-14,9,3676.02,Midwest
ORD01167,P0105,RHA2,2025-09-05,8,4675.0,Midwest
ORD01168,P0105,RHA_REDENSITY,2026-01-20,6,4741.82,Midwest
ORD01169,P0105,RHA_REDENSITY,2025-07-12,7,8076.29,Midwest
ORD01170,P0105,RHA_REDENSITY,2026-05-25,6,7252.93,Midwest
ORD01171,P0105,RHA3,2026-02-01,2,2111.55,Midwest
ORD01172,P0105,RHA4,2025-09-01,4,3525.16,Midwest
ORD01173,P0105,RHA_REDENSITY,2025-09-22,3,2990.85,Midwest
ORD01174,P0105,RHA4,2025-12-20,6,2061.62,Midwest
ORD01175,P0105,SKINPEN,2025-09-09,2,513.82,Midwest
ORD01176,P0105,RHA2,2026-03-29,1,462.7,Midwest
ORD01177,P0105,RHA2,2025-09-28,2,482.72,Midwest
ORD01178,P0105,RHA4,2025-07-10,8,7068.54,Midwest
ORD01179,P0105,RHA_REDENSITY,2025-06-09,5,1319.06,Midwest
ORD01180,P0105,RHA_REDENSITY,2026-02-10,2,434.02,Midwest
ORD01181,P0105,SKINPEN,2026-02-17,8,11255.4,Midwest
ORD01182,P0106,SKINPEN,2025-10-07,1,669.2,Northeast
ORD01183,P0106,RHA3,2025-11-03,1,1270.74,Northeast
ORD01184,P0106,RHA_REDENSITY,2026-01-18,1,1154.59,Northeast
ORD01185,P0107,RHA2,2026-04-25,9,2936.3,West
ORD01186,P0107,RHA_REDENSITY,2026-02-05,7,3124.09,West
ORD01187,P0107,SKINPEN,2025-09-07,4,3764.14,West
ORD01188,P0107,RHA_REDENSITY,2026-03-04,9,6657.66,West
ORD01189,P0107,SKINPEN,2026-04-10,10,6653.52,West
ORD01190,P0107,SKINPEN,2025-10-12,7,9433.7,West
ORD01191,P0107,RHA2,2026-03-10,9,6498.22,West
ORD01192,P0107,SKINPEN,2025-12-13,3,2682.21,West
ORD01193,P0107,RHA4,2025-07-31,6,8239.38,West
ORD01194,P0107,RHA3,2025-08-26,6,4416.28,West
ORD01195,P0108,RHA_REDENSITY,2025-12-20,4,3728.35,Southwest
ORD01196,P0108,RHA4,2026-02-14,9,12635.92,Southwest
ORD01197,P0108,RHA3,2026-01-24,8,6254.0,Southwest
ORD01198,P0108,DAXXIFY,2025-11-12,1,1477.84,Southwest
ORD01199,P0108,DAXXIFY,2025-08-02,9,3380.5,Southwest
ORD01200,P0108,DAXXIFY,2025-12-31,5,7398.56,Southwest
ORD01201,P0108,RHA3,2026-02-14,1,1202.98,Southwest
ORD01202,P0108,RHA3,2025-06-15,9,7781.88,Southwest
ORD01203,P0108,RHA_REDENSITY,2025-08-15,3,967.72,Southwest
ORD01204,P0108,RHA3,2025-10-11,3,1139.79,Southwest
ORD01205,P0108,RHA_REDENSITY,2025-11-28,4,2011.57,Southwest
ORD01206,P0108,DAXXIFY,2026-01-01,10,7197.38,Southwest
ORD01207,P0108,SKINPEN,2026-02-12,2,2281.31,Southwest
ORD01208,P0108,RHA2,2025-09-29,8,10187.33,Southwest
ORD01209,P0109,RHA_REDENSITY,2026-04-16,5,1242.92,West
ORD01210,P0109,RHA4,2025-08-12,2,2428.32,West
ORD01211,P0109,RHA3,2025-12-14,7,5190.35,West
ORD01212,P0109,RHA2,2026-04-03,10,14072.49,West
ORD01213,P0109,SKINPEN,2025-07-14,7,1892.56,West
ORD01214,P0109,DAXXIFY,2025-09-08,6,5411.45,West
ORD01215,P0109,RHA3,2026-03-19,9,9963.89,West
ORD01216,P0109,DAXXIFY,2026-03-17,7,10236.47,West
ORD01217,P0109,RHA_REDENSITY,2025-08-03,9,2853.97,West
ORD01218,P0109,RHA3,2025-10-25,7,2746.91,West
ORD01219,P0109,DAXXIFY,2025-12-13,8,7542.98,West
ORD01220,P0109,RHA_REDENSITY,2026-05-09,7,3789.28,West
ORD01221,P0109,RHA_REDENSITY,2025-11-11,7,8441.81,West
ORD01222,P0109,RHA2,2026-03-29,8,7416.68,West
ORD01223,P0109,RHA4,2025-09-27,10,4549.29,West
ORD01224,P0109,SKINPEN,2025-07-23,9,4681.08,West
ORD01225,P0109,RHA3,2026-04-28,7,4343.05,West
ORD01226,P0109,DAXXIFY,2025-08-13,2,2146.54,West
ORD01227,P0109,RHA3,2025-10-30,6,2685.82,West
ORD01228,P0110,SKINPEN,2025-08-03,1,1200.59,Northeast
ORD01229,P0110,RHA3,2026-03-09,10,12680.59,Northeast
ORD01230,P0110,RHA_REDENSITY,2025-10-20,3,2317.81,Northeast
ORD01231,P0110,RHA2,2026-02-04,6,2416.73,Northeast
ORD01232,P0110,DAXXIFY,2026-04-21,1,515.96,Northeast
ORD01233,P0110,RHA2,2025-07-21,5,1089.27,Northeast
ORD01234,P0110,DAXXIFY,2025-06-13,5,3925.4,Northeast
ORD01235,P0110,RHA3,2026-05-23,4,4648.07,Northeast
ORD01236,P0110,RHA2,2026-02-15,9,7922.21,Northeast
ORD01237,P0110,RHA_REDENSITY,2026-01-22,8,8079.64,Northeast
ORD01238,P0110,SKINPEN,2026-03-23,1,689.59,Northeast
ORD01239,P0110,RHA_REDENSITY,2025-06-29,1,532.09,Northeast
ORD01240,P0111,RHA2,2026-01-09,10,5526.66,Southwest
ORD01241,P0111,SKINPEN,2025-10-08,1,286.58,Southwest
ORD01242,P0112,SKINPEN,2025-06-29,6,7941.4,West
ORD01243,P0112,RHA3,2026-05-25,7,3503.63,West
ORD01244,P0112,RHA_REDENSITY,2025-11-21,2,2750.07,West
ORD01245,P0112,RHA_REDENSITY,2025-09-28,9,2829.84,West
ORD01246,P0112,RHA_REDENSITY,2026-02-22,8,7431.15,West
ORD01247,P0112,DAXXIFY,2025-06-04,1,521.61,West
ORD01248,P0112,RHA3,2025-09-05,6,5021.48,West
ORD01249,P0112,DAXXIFY,2026-03-15,6,6537.63,West
ORD01250,P0112,SKINPEN,2025-12-04,5,2535.33,West
ORD01251,P0113,DAXXIFY,2026-01-13,5,6711.4,Southeast
ORD01252,P0113,RHA_REDENSITY,2026-05-19,5,2466.29,Southeast
ORD01253,P0113,RHA4,2025-12-11,3,942.4,Southeast
ORD01254,P0113,RHA_REDENSITY,2025-11-20,10,13345.12,Southeast
ORD01255,P0113,RHA2,2025-06-17,7,3587.28,Southeast
ORD01256,P0113,RHA4,2026-03-17,5,6913.28,Southeast
ORD01257,P0113,RHA4,2025-12-17,9,3341.73,Southeast
ORD01258,P0113,RHA2,2025-07-04,10,9037.6,Southeast
ORD01259,P0113,RHA2,2026-02-20,5,5475.46,Southeast
ORD01260,P0113,RHA2,2025-09-08,7,10460.74,Southeast
ORD01261,P0113,SKINPEN,2026-03-21,10,13922.46,Southeast
ORD01262,P0113,DAXXIFY,2025-12-23,9,8035.65,Southeast
ORD01263,P0113,RHA2,2026-04-04,6,7748.28,Southeast
ORD01264,P0113,SKINPEN,2026-03-21,1,1195.07,Southeast
ORD01265,P0113,RHA4,2025-11-04,5,3879.53,Southeast
ORD01266,P0113,SKINPEN,2025-07-12,5,1987.72,Southeast
ORD01267,P0113,DAXXIFY,2026-02-27,3,1320.51,Southeast
ORD01268,P0114,RHA3,2025-07-23,10,9371.56,Southwest
ORD01269,P0114,RHA_REDENSITY,2026-02-05,4,2000.74,Southwest
ORD01270,P0114,RHA3,2026-05-21,2,2189.17,Southwest
ORD01271,P0114,RHA2,2025-10-02,9,11699.82,Southwest
ORD01272,P0114,SKINPEN,2025-10-06,6,2635.02,Southwest
ORD01273,P0114,RHA4,2025-11-17,8,3030.13,Southwest
ORD01274,P0114,RHA2,2026-02-25,1,731.17,Southwest
ORD01275,P0114,RHA3,2026-05-27,7,3425.24,Southwest
ORD01276,P0114,RHA2,2025-06-25,4,1143.91,Southwest
ORD01277,P0114,RHA_REDENSITY,2025-10-22,8,8753.77,Southwest
ORD01278,P0114,RHA2,2025-10-12,7,5084.29,Southwest
ORD01279,P0114,RHA_REDENSITY,2026-05-13,7,7953.83,Southwest
ORD01280,P0114,RHA_REDENSITY,2025-11-14,10,9719.48,Southwest
ORD01281,P0114,SKINPEN,2025-09-08,1,876.84,Southwest
ORD01282,P0114,RHA4,2025-10-15,1,1341.11,Southwest
ORD01283,P0114,RHA_REDENSITY,2026-01-29,9,6428.65,Southwest
ORD01284,P0114,RHA_REDENSITY,2026-05-14,7,6096.75,Southwest
ORD01285,P0114,DAXXIFY,2025-07-16,4,2314.13,Southwest
ORD01286,P0114,RHA3,2025-11-12,5,3998.76,Southwest
ORD01287,P0114,RHA3,2025-10-30,10,13947.43,Southwest
ORD01288,P0115,RHA4,2026-03-23,8,2540.58,Southeast
ORD01289,P0115,DAXXIFY,2025-09-20,3,3637.05,Southeast
ORD01290,P0115,RHA_REDENSITY,2025-06-12,3,2132.96,Southeast
ORD01291,P0115,RHA4,2025-12-20,1,432.54,Southeast
ORD01292,P0115,SKINPEN,2025-08-05,4,5389.25,Southeast
ORD01293,P0115,RHA3,2026-04-18,6,6595.4,Southeast
ORD01294,P0115,RHA2,2025-06-04,2,637.1,Southeast
ORD01295,P0115,RHA4,2025-06-07,6,1865.39,Southeast
ORD01296,P0115,RHA4,2025-06-06,9,8961.25,Southeast
ORD01297,P0115,RHA4,2026-03-14,9,6253.1,Southeast
ORD01298,P0115,RHA3,2026-03-08,10,13326.97,Southeast
ORD01299,P0115,RHA2,2026-03-19,3,1297.58,Southeast
ORD01300,P0115,DAXXIFY,2025-06-04,7,4203.37,Southeast
ORD01301,P0115,RHA3,2025-10-18,3,1058.46,Southeast
ORD01302,P0115,RHA2,2026-03-28,1,1009.33,Southeast
ORD01303,P0115,DAXXIFY,2026-01-25,8,6775.33,Southeast
ORD01304,P0115,RHA_REDENSITY,2025-09-21,1,990.38,Southeast
ORD01305,P0116,RHA2,2026-02-02,10,10573.12,Southeast
ORD01306,P0116,RHA4,2025-10-14,8,2425.81,Southeast
ORD01307,P0116,DAXXIFY,2025-07-31,4,5387.27,Southeast
ORD01308,P0116,RHA_REDENSITY,2026-01-12,9,11395.42,Southeast
ORD01309,P0116,DAXXIFY,2026-02-17,3,1178.2,Southeast
ORD01310,P0116,RHA3,2025-07-04,1,388.99,Southeast
ORD01311,P0116,SKINPEN,2026-05-18,10,12894.19,Southeast
ORD01312,P0116,RHA3,2026-01-02,2,527.48,Southeast
ORD01313,P0116,RHA2,2025-11-02,3,3221.15,Southeast
ORD01314,P0116,SKINPEN,2025-07-26,10,9439.67,Southeast
ORD01315,P0116,RHA2,2025-08-20,8,9393.08,Southeast
ORD01316,P0116,DAXXIFY,2025-12-01,2,2398.13,Southeast
ORD01317,P0116,RHA3,2025-12-20,7,8864.41,Southeast
ORD01318,P0116,RHA_REDENSITY,2025-10-28,2,1161.37,Southeast
ORD01319,P0116,DAXXIFY,2026-03-27,5,3139.86,Southeast
ORD01320,P0116,RHA_REDENSITY,2025-11-04,4,4418.31,Southeast
ORD01321,P0117,DAXXIFY,2026-05-05,10,11486.47,West
ORD01322,P0117,RHA_REDENSITY,2025-07-16,2,1657.52,West
ORD01323,P0117,RHA_REDENSITY,2025-06-16,5,3775.85,West
ORD01324,P0117,RHA3,2025-12-23,9,8529.17,West
ORD01325,P0117,RHA3,2025-07-19,3,2995.73,West
ORD01326,P0117,RHA_REDENSITY,2025-09-22,8,6722.05,West
ORD01327,P0117,RHA_REDENSITY,2026-03-03,4,4484.65,West
ORD01328,P0117,DAXXIFY,2026-02-24,2,462.37,West
ORD01329,P0117,DAXXIFY,2025-07-18,4,4957.73,West
ORD01330,P0117,RHA4,2025-11-03,1,633.93,West
ORD01331,P0117,SKINPEN,2025-08-21,4,858.75,West
ORD01332,P0117,SKINPEN,2026-02-20,5,2653.71,West
ORD01333,P0117,RHA3,2026-04-30,5,4293.48,West
ORD01334,P0117,DAXXIFY,2025-12-20,2,2183.17,West
ORD01335,P0117,RHA4,2025-12-11,10,10007.91,West
ORD01336,P0117,RHA2,2026-05-20,4,2518.68,West
ORD01337,P0117,SKINPEN,2025-12-12,8,11128.1,West
ORD01338,P0117,SKINPEN,2026-05-16,3,2477.83,West
ORD01339,P0117,RHA4,2025-07-17,9,12282.36,West
ORD01340,P0117,RHA4,2025-10-10,1,1285.64,West
ORD01341,P0118,SKINPEN,2025-08-18,6,5530.38,Southwest
ORD01342,P0118,RHA2,2026-05-25,10,10911.41,Southwest
ORD01343,P0118,DAXXIFY,2025-12-04,3,1693.79,Southwest
ORD01344,P0118,RHA3,2026-05-19,7,7101.25,Southwest
ORD01345,P0118,RHA_REDENSITY,2026-03-11,10,7064.36,Southwest
ORD01346,P0118,DAXXIFY,2025-08-03,5,5584.23,Southwest
ORD01347,P0118,SKINPEN,2025-12-24,1,552.95,Southwest
ORD01348,P0118,RHA4,2026-04-20,4,2732.23,Southwest
ORD01349,P0118,RHA2,2025-12-31,9,5337.12,Southwest
ORD01350,P0118,RHA3,2026-04-07,1,1211.13,Southwest
ORD01351,P0119,RHA_REDENSITY,2025-10-19,1,1238.73,Southeast
ORD01352,P0119,RHA2,2025-09-20,4,2568.6,Southeast
ORD01353,P0119,SKINPEN,2025-09-29,9,5431.2,Southeast
ORD01354,P0120,DAXXIFY,2026-03-22,9,9717.59,Northeast
ORD01355,P0120,RHA2,2026-03-28,1,797.18,Northeast
ORD01356,P0120,DAXXIFY,2025-09-09,1,604.28,Northeast
ORD01357,P0120,SKINPEN,2026-05-12,10,13334.38,Northeast
ORD01358,P0120,RHA4,2025-12-15,1,334.03,Northeast
ORD01359,P0120,SKINPEN,2025-07-01,5,1146.12,Northeast
ORD01360,P0120,SKINPEN,2025-12-26,4,2468.58,Northeast
ORD01361,P0120,RHA3,2026-02-25,5,4459.79,Northeast
ORD01362,P0120,SKINPEN,2025-10-21,2,1108.9,Northeast
ORD01363,P0120,RHA3,2026-03-15,2,439.67,Northeast
ORD01364,P0120,RHA_REDENSITY,2025-07-20,9,2997.79,Northeast
ORD01365,P0121,RHA_REDENSITY,2025-12-06,6,3314.21,Southwest
ORD01366,P0121,RHA3,2025-06-08,10,5182.73,Southwest
ORD01367,P0121,RHA3,2026-04-28,10,13599.16,Southwest
ORD01368,P0121,RHA4,2025-08-31,1,369.1,Southwest
ORD01369,P0121,SKINPEN,2025-10-05,1,337.7,Southwest
ORD01370,P0121,DAXXIFY,2026-05-07,7,4966.44,Southwest
ORD01371,P0121,RHA_REDENSITY,2025-06-08,10,10183.12,Southwest
ORD01372,P0121,SKINPEN,2025-06-15,8,8009.68,Southwest
ORD01373,P0121,RHA3,2025-12-26,4,4507.07,Southwest
ORD01374,P0121,RHA_REDENSITY,2025-06-25,2,2931.57,Southwest
ORD01375,P0121,RHA_REDENSITY,2025-10-08,3,962.37,Southwest
ORD01376,P0121,RHA4,2025-06-11,2,1584.52,Southwest
ORD01377,P0121,SKINPEN,2025-06-18,8,6493.68,Southwest
ORD01378,P0121,RHA2,2026-02-09,10,5354.69,Southwest
ORD01379,P0121,RHA4,2025-11-29,3,3328.5,Southwest
ORD01380,P0121,RHA3,2025-06-28,6,4735.61,Southwest
ORD01381,P0121,DAXXIFY,2026-05-19,8,2774.03,Southwest
ORD01382,P0121,RHA4,2025-10-01,3,1700.8,Southwest
ORD01383,P0122,RHA_REDENSITY,2025-07-29,3,2581.0,Northeast
ORD01384,P0122,SKINPEN,2025-11-08,2,1247.26,Northeast
ORD01385,P0122,DAXXIFY,2025-07-06,5,4462.85,Northeast
ORD01386,P0122,RHA_REDENSITY,2025-11-10,7,3571.04,Northeast
ORD01387,P0122,RHA_REDENSITY,2026-01-30,3,4398.18,Northeast
ORD01388,P0122,DAXXIFY,2025-11-19,6,2824.26,Northeast
ORD01389,P0122,RHA_REDENSITY,2025-06-13,7,8537.26,Northeast
ORD01390,P0122,RHA_REDENSITY,2025-10-24,6,5447.31,Northeast
ORD01391,P0122,RHA2,2026-02-03,2,2322.35,Northeast
ORD01392,P0122,RHA_REDENSITY,2025-06-04,8,2788.96,Northeast
ORD01393,P0122,RHA4,2025-08-02,6,5529.68,Northeast
ORD01394,P0122,RHA2,2025-10-19,5,7213.24,Northeast
ORD01395,P0123,DAXXIFY,2025-08-01,10,12027.46,Southwest
ORD01396,P0123,RHA3,2025-11-21,8,8307.89,Southwest
ORD01397,P0123,DAXXIFY,2026-05-03,4,5048.57,Southwest
ORD01398,P0124,DAXXIFY,2025-07-13,3,3177.44,West
ORD01399,P0124,RHA_REDENSITY,2025-10-15,5,3534.89,West
ORD01400,P0124,RHA4,2025-08-12,4,1869.44,West
ORD01401,P0124,RHA3,2025-12-23,10,12326.51,West
ORD01402,P0124,RHA3,2025-06-21,7,7931.9,West
ORD01403,P0124,DAXXIFY,2025-12-09,10,2105.55,West
ORD01404,P0124,RHA4,2025-09-15,3,3924.77,West
ORD01405,P0124,RHA3,2026-05-03,9,13124.42,West
ORD01406,P0124,SKINPEN,2026-06-03,9,11402.81,West
ORD01407,P0124,DAXXIFY,2025-12-02,5,6626.92,West
ORD01408,P0124,RHA4,2026-02-03,10,7125.49,West
ORD01409,P0124,SKINPEN,2025-12-23,7,5094.9,West
ORD01410,P0124,RHA_REDENSITY,2025-10-24,4,4244.94,West
ORD01411,P0124,RHA2,2025-10-03,4,3688.19,West
ORD01412,P0124,RHA4,2025-12-01,3,1725.04,West
ORD01413,P0124,RHA2,2025-06-25,3,645.25,West
ORD01414,P0124,DAXXIFY,2025-07-07,3,3413.22,West
ORD01415,P0124,SKINPEN,2025-09-27,7,10272.27,West
ORD01416,P0124,DAXXIFY,2026-03-26,3,3104.75,West
ORD01417,P0125,SKINPEN,2025-10-13,10,14094.04,Southwest
ORD01418,P0125,RHA2,2025-07-19,8,6897.92,Southwest
ORD01419,P0125,RHA4,2025-08-25,7,4633.3,Southwest
ORD01420,P0125,RHA4,2026-02-28,10,2096.59,Southwest
ORD01421,P0125,SKINPEN,2025-09-21,4,4503.08,Southwest
ORD01422,P0125,RHA4,2026-01-17,9,8543.32,Southwest
ORD01423,P0125,DAXXIFY,2026-05-17,10,8282.49,Southwest
ORD01424,P0125,DAXXIFY,2025-11-27,10,8259.93,Southwest
ORD01425,P0125,DAXXIFY,2025-06-15,3,3447.72,Southwest
ORD01426,P0125,RHA3,2025-09-07,8,6976.28,Southwest
ORD01427,P0125,RHA_REDENSITY,2025-09-09,2,1037.6,Southwest
ORD01428,P0125,SKINPEN,2025-07-16,2,2178.59,Southwest
ORD01429,P0125,RHA_REDENSITY,2025-08-31,5,4984.75,Southwest
ORD01430,P0125,RHA_REDENSITY,2025-12-10,1,809.53,Southwest
ORD01431,P0126,RHA_REDENSITY,2025-10-06,6,4483.93,West
ORD01432,P0126,RHA3,2026-01-04,3,737.77,West
ORD01433,P0126,SKINPEN,2025-08-02,5,5725.32,West
ORD01434,P0126,RHA3,2025-08-19,1,1018.09,West
ORD01435,P0126,RHA2,2025-08-11,10,2671.06,West
ORD01436,P0126,SKINPEN,2026-01-05,10,2354.88,West
ORD01437,P0126,DAXXIFY,2025-09-28,3,2571.82,West
ORD01438,P0126,RHA3,2026-01-12,3,3001.61,West
ORD01439,P0126,RHA3,2026-01-14,1,1163.86,West
ORD01440,P0126,RHA2,2025-07-29,10,11606.57,West
ORD01441,P0126,RHA4,2025-07-01,6,7501.16,West
ORD01442,P0126,SKINPEN,2026-01-21,4,3321.58,West
ORD01443,P0126,DAXXIFY,2025-09-06,6,8875.76,West
ORD01444,P0126,RHA_REDENSITY,2026-03-21,3,3866.7,West
ORD01445,P0126,RHA4,2025-11-04,4,4235.47,West
ORD01446,P0126,RHA2,2025-07-12,4,3804.34,West
ORD01447,P0126,DAXXIFY,2025-12-09,5,5910.65,West
ORD01448,P0127,RHA2,2026-05-08,8,5746.95,Midwest
ORD01449,P0127,RHA4,2025-12-31,9,4533.84,Midwest
ORD01450,P0127,SKINPEN,2025-06-19,7,5718.77,Midwest
ORD01451,P0127,RHA_REDENSITY,2026-03-21,7,1507.95,Midwest
ORD01452,P0128,SKINPEN,2025-11-20,6,8701.75,Midwest
ORD01453,P0128,DAXXIFY,2025-06-19,2,2786.05,Midwest
ORD01454,P0128,RHA3,2025-07-12,7,6955.42,Midwest
ORD01455,P0128,RHA3,2025-07-05,6,3308.54,Midwest
ORD01456,P0128,RHA3,2026-04-14,10,7085.0,Midwest
ORD01457,P0128,SKINPEN,2025-06-23,4,4618.43,Midwest
ORD01458,P0128,RHA2,2025-08-06,9,5747.66,Midwest
ORD01459,P0128,RHA2,2025-06-15,6,5471.38,Midwest
ORD01460,P0128,DAXXIFY,2025-06-24,2,431.1,Midwest
ORD01461,P0128,RHA_REDENSITY,2026-04-14,2,2182.3,Midwest
ORD01462,P0128,RHA2,2025-12-06,5,2637.32,Midwest
ORD01463,P0128,DAXXIFY,2026-05-17,10,3195.24,Midwest
ORD01464,P0128,SKINPEN,2025-08-03,4,5742.54,Midwest
ORD01465,P0128,DAXXIFY,2025-07-12,2,624.6,Midwest
ORD01466,P0128,RHA2,2025-07-29,7,7373.19,Midwest
ORD01467,P0129,DAXXIFY,2026-03-01,3,1588.01,Southeast
ORD01468,P0129,SKINPEN,2025-10-07,2,2060.83,Southeast
ORD01469,P0129,RHA4,2026-01-13,6,3207.23,Southeast
ORD01470,P0129,RHA3,2026-04-27,1,697.64,Southeast
ORD01471,P0129,DAXXIFY,2025-12-15,5,7211.44,Southeast
ORD01472,P0129,RHA2,2026-01-19,8,2321.74,Southeast
ORD01473,P0129,RHA_REDENSITY,2026-02-21,7,3023.82,Southeast
ORD01474,P0129,DAXXIFY,2025-09-25,3,2708.47,Southeast
ORD01475,P0129,RHA2,2025-10-26,10,10363.4,Southeast
ORD01476,P0129,SKINPEN,2025-10-20,5,1671.37,Southeast
ORD01477,P0129,DAXXIFY,2026-04-27,10,11458.09,Southeast
ORD01478,P0129,DAXXIFY,2025-10-18,8,3148.08,Southeast
ORD01479,P0129,DAXXIFY,2025-07-11,1,1063.99,Southeast
ORD01480,P0129,RHA2,2026-01-18,6,8256.02,Southeast
ORD01481,P0129,DAXXIFY,2025-08-13,9,10078.99,Southeast
ORD01482,P0129,RHA4,2025-09-25,7,5075.61,Southeast
ORD01483,P0129,RHA_REDENSITY,2026-04-29,4,817.2,Southeast
ORD01484,P0129,RHA4,2025-06-16,2,1874.83,Southeast
ORD01485,P0129,RHA3,2025-12-02,5,3604.0,Southeast
ORD01486,P0130,RHA_REDENSITY,2025-11-28,6,1827.56,Southwest
ORD01487,P0130,RHA3,2025-10-11,4,1718.42,Southwest
ORD01488,P0130,RHA4,2026-05-14,4,2354.13,Southwest
ORD01489,P0131,SKINPEN,2026-04-10,6,4994.73,West
ORD01490,P0131,RHA4,2025-07-15,4,1527.7,West
ORD01491,P0131,DAXXIFY,2026-02-25,10,5100.31,West
ORD01492,P0131,DAXXIFY,2025-11-16,9,9327.87,West
ORD01493,P0131,RHA_REDENSITY,2025-09-21,8,11652.37,West
ORD01494,P0131,DAXXIFY,2026-05-26,6,1637.22,West
ORD01495,P0131,RHA4,2026-05-13,2,950.36,West
ORD01496,P0131,SKINPEN,2025-07-04,9,7162.93,West
ORD01497,P0131,RHA_REDENSITY,2025-06-21,3,3490.1,West
ORD01498,P0131,DAXXIFY,2026-02-04,1,1156.1,West
ORD01499,P0131,SKINPEN,2025-09-26,1,812.59,West
ORD01500,P0131,DAXXIFY,2025-07-22,4,4446.74,West
ORD01501,P0131,DAXXIFY,2026-03-29,3,3067.38,West
ORD01502,P0132,RHA4,2026-04-15,10,4218.96,West
ORD01503,P0132,DAXXIFY,2025-08-05,2,696.87,West
ORD01504,P0132,RHA_REDENSITY,2025-08-03,4,1128.17,West
ORD01505,P0132,RHA4,2026-02-20,6,7529.86,West
ORD01506,P0132,RHA4,2025-06-21,6,2142.26,West
ORD01507,P0132,RHA_REDENSITY,2025-06-18,9,3406.75,West
ORD01508,P0132,DAXXIFY,2026-02-14,10,4254.82,West
ORD01509,P0132,DAXXIFY,2026-05-02,5,1918.04,West
ORD01510,P0132,RHA2,2025-11-03,6,5516.58,West
ORD01511,P0132,RHA2,2025-10-22,10,2529.09,West
ORD01512,P0133,RHA_REDENSITY,2025-07-15,7,8476.72,Southeast
ORD01513,P0133,RHA4,2026-05-26,2,416.51,Southeast
ORD01514,P0133,DAXXIFY,2026-03-04,10,13529.9,Southeast
ORD01515,P0133,SKINPEN,2025-11-02,8,8800.53,Southeast
ORD01516,P0134,SKINPEN,2026-03-22,5,4400.06,Southwest
ORD01517,P0134,RHA2,2025-11-05,3,2981.1,Southwest
ORD01518,P0134,RHA_REDENSITY,2026-05-15,3,3397.08,Southwest
ORD01519,P0134,DAXXIFY,2025-07-25,5,3261.05,Southwest
ORD01520,P0134,RHA_REDENSITY,2026-06-01,4,1797.89,Southwest
ORD01521,P0134,DAXXIFY,2025-09-05,10,6704.72,Southwest
ORD01522,P0134,RHA_REDENSITY,2025-08-31,4,3213.92,Southwest
ORD01523,P0135,DAXXIFY,2026-01-13,4,1385.93,Midwest
ORD01524,P0135,SKINPEN,2026-03-19,8,6774.15,Midwest
ORD01525,P0135,SKINPEN,2026-03-14,1,270.24,Midwest
ORD01526,P0135,RHA3,2025-11-29,4,3060.29,Midwest
ORD01527,P0135,RHA_REDENSITY,2025-12-14,8,2050.5,Midwest
ORD01528,P0135,RHA_REDENSITY,2026-05-08,3,1216.38,Midwest
ORD01529,P0135,RHA4,2026-05-20,9,3157.96,Midwest
ORD01530,P0136,RHA_REDENSITY,2025-10-19,10,6237.64,West
ORD01531,P0136,SKINPEN,2026-02-22,6,2994.49,West
ORD01532,P0136,RHA3,2026-04-08,4,1309.93,West
ORD01533,P0136,RHA2,2025-11-04,7,9511.42,West
ORD01534,P0136,RHA4,2026-04-27,10,8297.3,West
ORD01535,P0136,RHA2,2025-10-23,4,5625.01,West
ORD01536,P0136,RHA2,2025-10-14,7,4798.71,West
ORD01537,P0136,SKINPEN,2025-10-12,4,4086.51,West
ORD01538,P0137,RHA3,2026-02-20,3,725.17,Midwest
ORD01539,P0137,DAXXIFY,2025-08-16,5,1887.26,Midwest
ORD01540,P0137,RHA4,2025-10-08,7,2957.93,Midwest
ORD01541,P0137,RHA2,2025-12-10,5,4923.63,Midwest
ORD01542,P0137,RHA_REDENSITY,2025-07-12,3,2854.67,Midwest
ORD01543,P0137,RHA2,2025-08-24,2,1470.41,Midwest
ORD01544,P0137,RHA4,2025-09-09,4,3876.22,Midwest
ORD01545,P0137,RHA3,2025-10-10,1,1149.02,Midwest
ORD01546,P0137,RHA2,2026-01-28,6,4587.14,Midwest
ORD01547,P0138,RHA2,2025-08-05,10,13677.27,Midwest
ORD01548,P0138,DAXXIFY,2025-11-02,1,1488.66,Midwest
ORD01549,P0138,DAXXIFY,2025-09-18,7,6233.21,Midwest
ORD01550,P0138,SKINPEN,2025-10-01,2,1576.35,Midwest
ORD01551,P0138,DAXXIFY,2026-01-31,9,10611.02,Midwest
ORD01552,P0138,SKINPEN,2025-06-14,7,10044.4,Midwest
ORD01553,P0138,RHA3,2026-03-28,5,2553.91,Midwest
ORD01554,P0138,DAXXIFY,2026-04-18,8,8557.97,Midwest
ORD01555,P0139,RHA4,2025-06-08,10,11714.73,Southeast
ORD01556,P0139,RHA4,2026-05-22,8,9627.08,Southeast
ORD01557,P0139,RHA4,2025-06-08,3,3680.45,Southeast
ORD01558,P0139,SKINPEN,2025-11-26,8,8920.58,Southeast
ORD01559,P0139,SKINPEN,2026-06-03,2,1400.69,Southeast
ORD01560,P0139,RHA3,2025-06-15,9,2182.76,Southeast
ORD01561,P0140,SKINPEN,2026-01-16,10,9051.66,Southwest
ORD01562,P0140,SKINPEN,2026-02-17,2,2013.18,Southwest
ORD01563,P0140,SKINPEN,2025-12-14,1,869.16,Southwest
ORD01564,P0140,RHA3,2025-06-23,1,344.26,Southwest
ORD01565,P0140,RHA4,2025-11-28,10,2531.37,Southwest
ORD01566,P0140,RHA2,2025-11-28,9,10047.02,Southwest
ORD01567,P0140,SKINPEN,2025-08-20,4,1519.71,Southwest
ORD01568,P0140,RHA2,2025-12-14,9,3128.62,Southwest
ORD01569,P0140,SKINPEN,2025-10-02,10,13324.71,Southwest
ORD01570,P0140,RHA2,2025-06-09,4,2466.41,Southwest
ORD01571,P0140,RHA_REDENSITY,2026-01-18,7,3922.02,Southwest
ORD01572,P0140,RHA3,2026-05-02,6,4728.8,Southwest
ORD01573,P0140,RHA_REDENSITY,2025-09-20,2,1622.43,Southwest
ORD01574,P0140,SKINPEN,2025-09-04,9,12323.58,Southwest
ORD01575,P0141,RHA3,2025-07-21,2,889.72,West
ORD01576,P0141,DAXXIFY,2025-10-12,2,1415.77,West
ORD01577,P0141,RHA3,2026-03-04,2,684.35,West
ORD01578,P0141,DAXXIFY,2026-01-13,3,2535.68,West
ORD01579,P0141,RHA_REDENSITY,2026-02-19,1,581.12,West
ORD01580,P0141,RHA_REDENSITY,2025-06-19,3,2448.23,West
ORD01581,P0141,RHA4,2025-10-31,1,578.97,West
ORD01582,P0141,DAXXIFY,2026-05-02,4,5141.73,West
ORD01583,P0141,SKINPEN,2025-09-10,6,4411.2,West
ORD01584,P0141,SKINPEN,2025-12-10,6,4991.96,West
ORD01585,P0141,SKINPEN,2025-06-28,9,11650.32,West
ORD01586,P0141,RHA4,2025-10-19,5,4687.14,West
ORD01587,P0141,RHA2,2025-12-29,5,2474.08,West
ORD01588,P0141,RHA3,2025-11-25,1,392.84,West
ORD01589,P0141,RHA4,2026-01-09,3,3012.66,West
ORD01590,P0142,RHA_REDENSITY,2025-06-04,5,2184.82,Midwest
ORD01591,P0142,SKINPEN,2026-03-06,3,1228.89,Midwest
ORD01592,P0142,DAXXIFY,2026-04-05,6,5681.3,Midwest
ORD01593,P0142,RHA3,2025-10-21,6,2639.07,Midwest
ORD01594,P0142,SKINPEN,2025-08-20,1,1065.22,Midwest
ORD01595,P0142,RHA2,2025-12-09,6,4697.75,Midwest
ORD01596,P0143,RHA3,2025-09-03,2,2793.13,Midwest
ORD01597,P0143,RHA4,2025-11-08,3,4296.38,Midwest
ORD01598,P0143,RHA2,2025-12-22,1,1461.2,Midwest
ORD01599,P0143,RHA_REDENSITY,2025-08-28,6,6248.5,Midwest
ORD01600,P0143,RHA4,2026-01-03,5,7302.44,Midwest
ORD01601,P0143,SKINPEN,2025-08-14,3,3718.35,Midwest
ORD01602,P0144,SKINPEN,2025-12-12,2,2302.27,West
ORD01603,P0144,RHA2,2026-05-14,9,3167.45,West
ORD01604,P0144,RHA4,2026-05-22,10,12931.4,West
ORD01605,P0144,RHA3,2025-10-18,2,1248.55,West
ORD01606,P0144,SKINPEN,2025-07-27,4,3833.84,West
ORD01607,P0144,RHA3,2026-02-10,4,917.25,West
ORD01608,P0144,RHA4,2025-09-01,2,2937.18,West
ORD01609,P0144,RHA2,2025-11-14,8,4904.68,West
ORD01610,P0144,RHA_REDENSITY,2025-07-29,1,1380.98,West
ORD01611,P0144,RHA4,2025-12-01,3,3392.26,West
ORD01612,P0144,RHA3,2025-10-28,7,4792.76,West
ORD01613,P0144,RHA3,2026-01-09,6,3603.07,West
ORD01614,P0144,RHA_REDENSITY,2025-10-18,2,960.81,West
ORD01615,P0144,SKINPEN,2025-10-19,7,8713.54,West
ORD01616,P0144,RHA2,2026-01-07,7,8030.31,West
ORD01617,P0145,RHA_REDENSITY,2026-03-24,10,3119.01,Southwest
ORD01618,P0145,RHA3,2026-02-17,8,11879.18,Southwest
ORD01619,P0145,RHA3,2025-09-08,2,2826.2,Southwest
ORD01620,P0145,RHA4,2025-08-05,2,417.21,Southwest
ORD01621,P0145,RHA3,2025-07-11,7,2991.53,Southwest
ORD01622,P0145,SKINPEN,2025-10-10,10,11818.17,Southwest
ORD01623,P0145,RHA2,2026-03-25,3,3845.91,Southwest
ORD01624,P0145,RHA_REDENSITY,2026-01-06,8,2039.22,Southwest
ORD01625,P0145,RHA_REDENSITY,2025-12-31,5,4211.65,Southwest
ORD01626,P0145,RHA2,2025-10-09,1,1228.59,Southwest
ORD01627,P0145,RHA3,2026-03-17,5,7214.17,Southwest
ORD01628,P0145,RHA4,2025-07-13,2,2099.91,Southwest
ORD01629,P0145,RHA4,2026-01-07,3,2518.36,Southwest
ORD01630,P0145,SKINPEN,2025-06-16,4,947.9,Southwest
ORD01631,P0146,DAXXIFY,2025-09-24,10,11692.35,Northeast
ORD01632,P0146,RHA4,2025-08-10,10,7668.89,Northeast
ORD01633,P0146,SKINPEN,2026-01-22,8,11732.29,Northeast
ORD01634,P0146,RHA3,2026-04-03,9,10375.6,Northeast
ORD01635,P0146,RHA3,2026-05-26,3,2868.45,Northeast
ORD01636,P0146,RHA3,2026-03-21,8,10734.5,Northeast
ORD01637,P0146,RHA3,2026-03-26,3,806.26,Northeast
ORD01638,P0146,RHA4,2025-12-01,6,1579.98,Northeast
ORD01639,P0146,RHA_REDENSITY,2026-01-05,2,1736.05,Northeast
ORD01640,P0147,RHA_REDENSITY,2026-04-16,3,2720.48,Southeast
ORD01641,P0147,SKINPEN,2025-12-24,5,2764.48,Southeast
ORD01642,P0147,SKINPEN,2025-06-11,6,1947.5,Southeast
ORD01643,P0147,RHA3,2025-08-11,3,650.3,Southeast
ORD01644,P0147,RHA3,2025-09-11,6,7274.7,Southeast
ORD01645,P0147,RHA3,2025-11-05,3,999.43,Southeast
ORD01646,P0148,RHA2,2025-09-19,4,4934.56,West
ORD01647,P0148,RHA_REDENSITY,2025-08-21,9,11699.02,West
ORD01648,P0148,RHA_REDENSITY,2025-06-04,2,1485.1,West
ORD01649,P0148,DAXXIFY,2026-04-25,3,4201.3,West
ORD01650,P0148,RHA3,2025-10-01,5,5491.83,West
ORD01651,P0149,RHA_REDENSITY,2025-10-20,9,10734.0,Midwest
ORD01652,P0149,RHA2,2025-12-10,5,1186.94,Midwest
ORD01653,P0149,RHA2,2026-04-04,3,3941.58,Midwest
ORD01654,P0149,SKINPEN,2026-03-23,4,2398.63,Midwest
ORD01655,P0149,RHA2,2026-02-16,2,1504.49,Midwest
ORD01656,P0150,DAXXIFY,2026-04-25,8,9476.27,Northeast
ORD01657,P0150,RHA2,2026-05-13,2,485.26,Northeast
ORD01658,P0150,RHA_REDENSITY,2025-07-01,10,2770.45,Northeast
ORD01659,P0150,RHA3,2026-04-04,1,286.12,Northeast
ORD01660,P0151,DAXXIFY,2026-04-15,10,4670.22,Northeast
ORD01661,P0152,SKINPEN,2026-03-01,6,1428.22,Southeast
ORD01662,P0152,SKINPEN,2026-03-21,5,7167.15,Southeast
ORD01663,P0152,RHA3,2025-12-07,3,3935.04,Southeast
ORD01664,P0152,RHA2,2025-07-25,9,8471.75,Southeast
ORD01665,P0152,RHA_REDENSITY,2026-04-14,1,887.49,Southeast
ORD01666,P0152,RHA3,2026-02-25,3,4116.48,Southeast
ORD01667,P0152,DAXXIFY,2025-09-01,2,2803.0,Southeast
ORD01668,P0153,RHA4,2025-06-06,6,6645.44,Midwest
ORD01669,P0153,RHA4,2026-03-01,2,870.21,Midwest
ORD01670,P0153,RHA4,2025-12-04,7,3349.89,Midwest
ORD01671,P0153,RHA4,2026-02-07,2,2379.66,Midwest
ORD01672,P0153,DAXXIFY,2025-12-25,8,2747.29,Midwest
ORD01673,P0153,RHA4,2026-03-26,6,6696.9,Midwest
ORD01674,P0153,SKINPEN,2025-08-22,1,306.92,Midwest
ORD01675,P0153,DAXXIFY,2025-09-24,7,3980.86,Midwest
ORD01676,P0153,SKINPEN,2025-07-31,5,5465.8,Midwest
ORD01677,P0153,RHA2,2025-10-19,9,6565.2,Midwest
ORD01678,P0153,RHA2,2025-10-27,2,2726.36,Midwest
ORD01679,P0153,SKINPEN,2025-10-03,6,2598.52,Midwest
ORD01680,P0153,RHA4,2025-06-23,2,1430.56,Midwest
ORD01681,P0153,SKINPEN,2025-09-09,2,709.97,Midwest
ORD01682,P0153,RHA4,2025-11-13,10,14708.42,Midwest
ORD01683,P0153,DAXXIFY,2026-03-09,6,8806.62,Midwest
ORD01684,P0153,RHA2,2025-12-12,10,12972.38,Midwest
ORD01685,P0154,RHA2,2026-04-02,7,7999.32,Southwest
ORD01686,P0154,SKINPEN,2026-01-12,10,9717.45,Southwest
ORD01687,P0154,RHA4,2025-07-09,6,4911.45,Southwest
ORD01688,P0154,RHA4,2025-07-30,8,6918.71,Southwest
ORD01689,P0154,RHA4,2026-03-20,2,717.69,Southwest
ORD01690,P0154,RHA4,2025-09-26,4,4067.53,Southwest
ORD01691,P0154,DAXXIFY,2026-03-27,2,2318.28,Southwest
ORD01692,P0154,RHA4,2026-04-30,1,1463.69,Southwest
ORD01693,P0154,RHA_REDENSITY,2025-11-20,6,2391.35,Southwest
ORD01694,P0154,RHA_REDENSITY,2025-07-20,2,2376.45,Southwest
ORD01695,P0154,RHA_REDENSITY,2025-06-30,8,9844.41,Southwest
ORD01696,P0154,RHA3,2026-02-20,8,6698.6,Southwest
ORD01697,P0154,RHA_REDENSITY,2026-01-21,6,7513.96,Southwest
ORD01698,P0155,DAXXIFY,2025-08-28,1,1487.93,Midwest
ORD01699,P0155,RHA4,2026-04-04,8,4871.42,Midwest
ORD01700,P0155,RHA4,2025-11-23,8,1974.2,Midwest
ORD01701,P0155,RHA_REDENSITY,2026-03-05,5,6750.55,Midwest
ORD01702,P0155,RHA4,2026-03-11,7,2623.84,Midwest
ORD01703,P0155,RHA4,2025-11-16,2,1879.02,Midwest
ORD01704,P0155,SKINPEN,2025-09-25,9,9818.88,Midwest
ORD01705,P0155,RHA4,2025-08-15,8,7447.46,Midwest
ORD01706,P0155,RHA_REDENSITY,2026-03-15,1,708.8,Midwest
ORD01707,P0155,RHA_REDENSITY,2025-09-23,7,7014.15,Midwest
ORD01708,P0155,RHA3,2025-12-05,6,1679.11,Midwest
ORD01709,P0155,DAXXIFY,2025-08-05,3,3864.04,Midwest
ORD01710,P0155,SKINPEN,2025-12-07,10,2349.7,Midwest
ORD01711,P0155,RHA3,2025-07-18,7,2285.89,Midwest
ORD01712,P0155,RHA3,2025-12-09,7,4596.55,Midwest
ORD01713,P0155,RHA2,2025-06-30,4,2020.03,Midwest
ORD01714,P0155,RHA_REDENSITY,2025-12-26,2,2767.01,Midwest
ORD01715,P0155,RHA3,2026-05-01,2,1277.75,Midwest
ORD01716,P0156,RHA3,2025-09-01,1,799.18,Northeast
ORD01717,P0157,RHA_REDENSITY,2025-08-17,7,3826.23,Midwest
ORD01718,P0157,RHA4,2025-06-12,10,2289.07,Midwest
ORD01719,P0157,RHA4,2025-12-23,10,7073.91,Midwest
ORD01720,P0157,DAXXIFY,2025-08-14,8,2640.59,Midwest
ORD01721,P0157,RHA2,2025-06-23,6,5074.5,Midwest
ORD01722,P0157,RHA3,2025-06-27,3,2997.83,Midwest
ORD01723,P0157,RHA4,2025-11-29,4,3384.15,Midwest
ORD01724,P0157,RHA_REDENSITY,2026-04-26,4,2294.25,Midwest
ORD01725,P0157,RHA3,2026-05-10,10,7226.36,Midwest
ORD01726,P0157,RHA_REDENSITY,2026-02-08,2,2266.04,Midwest
ORD01727,P0157,DAXXIFY,2025-08-11,10,6378.89,Midwest
ORD01728,P0157,RHA_REDENSITY,2026-04-30,9,7360.64,Midwest
ORD01729,P0157,RHA3,2026-02-16,2,2094.0,Midwest
ORD01730,P0157,RHA_REDENSITY,2025-12-31,5,3813.92,Midwest
ORD01731,P0158,RHA2,2025-12-25,7,5060.94,Southwest
ORD01732,P0158,RHA_REDENSITY,2025-07-19,8,8584.23,Southwest
ORD01733,P0158,RHA2,2025-08-27,1,1016.2,Southwest
ORD01734,P0158,RHA2,2025-09-12,10,8489.65,Southwest
ORD01735,P0158,SKINPEN,2025-06-30,8,4386.53,Southwest
ORD01736,P0158,RHA_REDENSITY,2025-07-12,10,13086.07,Southwest
ORD01737,P0158,RHA_REDENSITY,2025-10-24,1,878.95,Southwest
ORD01738,P0158,RHA4,2025-11-29,3,1537.46,Southwest
ORD01739,P0158,RHA3,2025-06-18,7,5133.37,Southwest
ORD01740,P0158,SKINPEN,2026-05-02,4,5199.03,Southwest
ORD01741,P0158,RHA3,2026-01-18,3,1600.14,Southwest
ORD01742,P0158,RHA2,2025-07-31,7,3570.2,Southwest
ORD01743,P0158,RHA2,2026-03-19,1,519.26,Southwest
ORD01744,P0158,RHA4,2025-12-27,8,7422.18,Southwest
ORD01745,P0158,RHA4,2025-10-23,1,462.59,Southwest
ORD01746,P0158,RHA2,2026-01-15,1,535.92,Southwest
ORD01747,P0158,SKINPEN,2026-01-12,9,3859.03,Southwest
ORD01748,P0158,SKINPEN,2026-05-13,8,9735.23,Southwest
ORD01749,P0159,RHA3,2026-04-22,10,5873.73,Southwest
ORD01750,P0159,RHA4,2026-05-02,6,6439.04,Southwest
ORD01751,P0160,SKINPEN,2025-11-12,3,1520.56,Northeast
ORD01752,P0160,SKINPEN,2025-08-15,9,12715.34,Northeast
ORD01753,P0160,SKINPEN,2025-09-09,10,14345.77,Northeast
ORD01754,P0161,RHA4,2026-01-26,2,1019.0,West
ORD01755,P0161,RHA3,2026-04-02,6,7692.21,West
ORD01756,P0161,SKINPEN,2025-11-16,4,5664.6,West
ORD01757,P0161,RHA2,2026-02-12,2,855.4,West
ORD01758,P0161,RHA4,2026-01-14,7,3714.18,West
ORD01759,P0161,DAXXIFY,2025-08-06,8,7148.09,West
ORD01760,P0161,DAXXIFY,2025-06-10,6,5456.81,West
ORD01761,P0161,SKINPEN,2025-10-03,4,5809.24,West
ORD01762,P0161,RHA3,2026-03-21,8,9042.98,West
ORD01763,P0161,DAXXIFY,2025-12-28,10,2452.52,West
ORD01764,P0161,DAXXIFY,2025-06-29,4,2115.51,West
ORD01765,P0161,RHA3,2025-11-19,6,8244.63,West
ORD01766,P0161,DAXXIFY,2025-06-18,9,11943.35,West
ORD01767,P0161,RHA4,2025-10-20,1,1382.73,West
ORD01768,P0161,RHA3,2025-11-14,5,1586.63,West
ORD01769,P0161,RHA3,2026-02-03,4,5268.97,West
ORD01770,P0161,RHA4,2026-03-13,6,8059.84,West
ORD01771,P0162,RHA3,2026-05-17,2,2540.31,West
ORD01772,P0162,RHA4,2025-09-25,7,9831.12,West
ORD01773,P0162,SKINPEN,2025-12-15,7,9378.53,West
ORD01774,P0162,RHA2,2026-04-13,5,4291.17,West
ORD01775,P0162,RHA4,2025-12-05,10,11480.01,West
ORD01776,P0162,SKINPEN,2025-08-27,6,4735.44,West
ORD01777,P0162,DAXXIFY,2026-05-20,3,3057.61,West
ORD01778,P0162,RHA2,2025-07-10,1,720.86,West
ORD01779,P0162,RHA3,2025-07-17,6,5691.31,West
ORD01780,P0162,RHA2,2026-04-08,4,3485.1,West
ORD01781,P0162,RHA2,2025-07-06,10,10914.79,West
ORD01782,P0162,RHA4,2025-12-22,8,10684.46,West
ORD01783,P0162,RHA3,2026-03-27,3,3281.12,West
ORD01784,P0162,RHA3,2025-12-18,4,1238.87,West
ORD01785,P0163,RHA4,2026-03-02,7,9997.29,Midwest
ORD01786,P0163,RHA2,2025-08-15,1,1432.54,Midwest
ORD01787,P0163,SKINPEN,2025-08-22,10,10146.16,Midwest
ORD01788,P0163,RHA4,2026-04-19,4,2161.27,Midwest
ORD01789,P0163,DAXXIFY,2026-03-09,7,7023.84,Midwest
ORD01790,P0163,RHA3,2025-07-31,3,947.34,Midwest
ORD01791,P0163,RHA2,2025-11-27,10,3525.56,Midwest
ORD01792,P0163,RHA4,2025-09-07,8,10203.48,Midwest
ORD01793,P0163,DAXXIFY,2025-09-23,4,4510.53,Midwest
ORD01794,P0163,RHA3,2026-02-26,5,5851.88,Midwest
ORD01795,P0163,RHA2,2025-11-20,7,9192.67,Midwest
ORD01796,P0163,RHA2,2025-07-31,5,5723.6,Midwest
ORD01797,P0164,RHA2,2025-11-01,7,8611.42,Southwest
ORD01798,P0164,RHA3,2026-05-20,5,2530.66,Southwest
ORD01799,P0164,RHA2,2025-10-16,6,5746.64,Southwest
ORD01800,P0164,RHA4,2025-07-07,2,426.83,Southwest
ORD01801,P0164,RHA3,2026-03-27,7,7650.36,Southwest
ORD01802,P0164,SKINPEN,2025-11-19,7,8098.55,Southwest
ORD01803,P0164,DAXXIFY,2026-01-23,2,1848.2,Southwest
ORD01804,P0165,RHA2,2025-12-15,8,11045.56,Southeast
ORD01805,P0165,SKINPEN,2025-07-28,10,11224.36,Southeast
ORD01806,P0166,RHA3,2026-06-01,9,9050.0,West
ORD01807,P0166,RHA4,2025-12-31,6,2231.46,West
ORD01808,P0167,RHA_REDENSITY,2026-05-13,3,1615.14,West
ORD01809,P0167,RHA4,2025-09-19,6,8047.59,West
ORD01810,P0167,DAXXIFY,2026-03-28,6,6739.99,West
ORD01811,P0167,RHA2,2025-10-25,5,1759.47,West
ORD01812,P0167,RHA2,2026-05-12,8,10665.47,West
ORD01813,P0167,SKINPEN,2026-01-11,6,8424.65,West
ORD01814,P0167,RHA3,2026-01-10,10,12784.66,West
ORD01815,P0167,RHA_REDENSITY,2026-01-19,6,4599.05,West
ORD01816,P0167,RHA3,2026-03-11,8,9542.22,West
ORD01817,P0167,RHA_REDENSITY,2026-03-18,8,2153.51,West
ORD01818,P0167,DAXXIFY,2026-03-19,4,1752.33,West
ORD01819,P0167,RHA3,2025-10-06,3,3353.26,West
ORD01820,P0167,DAXXIFY,2025-10-23,8,2024.23,West
ORD01821,P0167,SKINPEN,2025-12-03,9,7476.83,West
ORD01822,P0167,DAXXIFY,2025-09-24,3,1082.25,West
ORD01823,P0167,RHA2,2026-04-17,5,2174.26,West
ORD01824,P0167,SKINPEN,2026-03-09,9,11424.09,West
ORD01825,P0167,SKINPEN,2025-08-19,10,4761.15,West
ORD01826,P0168,RHA_REDENSITY,2025-09-07,3,2224.03,Southeast
ORD01827,P0169,RHA4,2026-01-28,2,2707.16,Southwest
ORD01828,P0169,RHA3,2026-05-21,2,1424.84,Southwest
ORD01829,P0169,DAXXIFY,2025-08-05,6,2399.45,Southwest
ORD01830,P0170,SKINPEN,2025-10-11,8,6322.18,Midwest
ORD01831,P0170,RHA_REDENSITY,2026-01-17,1,628.25,Midwest
ORD01832,P0170,SKINPEN,2026-05-12,10,14361.65,Midwest
ORD01833,P0171,RHA2,2025-08-16,4,5289.05,West
ORD01834,P0171,RHA3,2025-07-09,6,7425.55,West
ORD01835,P0171,RHA_REDENSITY,2026-04-28,10,6958.08,West
ORD01836,P0171,RHA3,2025-11-11,3,1536.31,West
ORD01837,P0171,DAXXIFY,2025-11-11,1,1308.05,West
ORD01838,P0171,RHA4,2026-03-12,7,3992.92,West
ORD01839,P0171,RHA2,2025-07-04,2,1176.22,West
ORD01840,P0171,SKINPEN,2025-10-25,5,6874.27,West
ORD01841,P0171,RHA2,2025-07-30,6,6391.06,West
ORD01842,P0171,RHA_REDENSITY,2025-11-27,4,3346.04,West
ORD01843,P0171,RHA4,2025-11-17,5,4659.87,West
ORD01844,P0172,RHA4,2026-04-18,6,5988.17,Northeast
ORD01845,P0172,SKINPEN,2025-10-24,7,2245.82,Northeast
ORD01846,P0172,RHA3,2025-09-14,8,8634.98,Northeast
ORD01847,P0172,SKINPEN,2025-07-07,3,4229.6,Northeast
ORD01848,P0172,SKINPEN,2025-09-07,9,2782.45,Northeast
ORD01849,P0172,RHA4,2025-10-07,2,2758.74,Northeast
ORD01850,P0172,RHA3,2025-10-02,3,4438.33,Northeast
ORD01851,P0172,RHA3,2025-06-18,4,3520.08,Northeast
ORD01852,P0172,RHA_REDENSITY,2026-01-03,1,916.29,Northeast
ORD01853,P0172,RHA_REDENSITY,2026-05-11,2,1727.69,Northeast
ORD01854,P0172,DAXXIFY,2025-11-04,8,8472.89,Northeast
ORD01855,P0172,RHA3,2025-08-16,6,3187.91,Northeast
ORD01856,P0172,RHA_REDENSITY,2026-04-23,1,348.12,Northeast
ORD01857,P0172,RHA4,2025-06-30,3,3666.09,Northeast
ORD01858,P0173,DAXXIFY,2026-05-11,7,9378.47,Southwest
ORD01859,P0173,RHA3,2026-01-02,10,11413.23,Southwest
ORD01860,P0173,RHA4,2025-06-25,10,12501.84,Southwest
ORD01861,P0173,RHA2,2025-12-11,4,1762.45,Southwest
ORD01862,P0173,RHA3,2025-07-29,2,1527.88,Southwest
ORD01863,P0173,DAXXIFY,2026-05-25,7,2461.77,Southwest
ORD01864,P0173,SKINPEN,2026-03-08,8,6385.7,Southwest
ORD01865,P0173,SKINPEN,2025-11-08,10,11436.85,Southwest
ORD01866,P0173,RHA_REDENSITY,2025-12-30,10,6689.47,Southwest
ORD01867,P0173,SKINPEN,2025-06-24,7,8722.23,Southwest
ORD01868,P0173,RHA2,2026-04-20,3,654.12,Southwest
ORD01869,P0173,DAXXIFY,2026-04-07,4,5266.86,Southwest
ORD01870,P0173,RHA4,2026-02-16,3,3133.99,Southwest
ORD01871,P0174,RHA_REDENSITY,2025-07-18,4,1247.69,West
ORD01872,P0174,RHA2,2025-10-09,8,5987.54,West
ORD01873,P0174,RHA2,2026-04-05,3,3481.25,West
ORD01874,P0174,RHA4,2025-10-19,8,1804.13,West
ORD01875,P0174,RHA_REDENSITY,2025-10-16,4,1846.96,West
ORD01876,P0174,RHA4,2025-08-16,1,634.01,West
ORD01877,P0174,SKINPEN,2026-04-12,7,10313.33,West
ORD01878,P0174,SKINPEN,2025-09-23,10,9745.91,West
ORD01879,P0174,RHA3,2025-08-24,1,833.75,West
ORD01880,P0174,RHA_REDENSITY,2025-09-28,10,11419.98,West
ORD01881,P0174,RHA4,2025-06-21,4,4514.31,West
ORD01882,P0174,DAXXIFY,2025-09-06,7,6645.27,West
ORD01883,P0174,DAXXIFY,2025-08-24,5,6803.7,West
ORD01884,P0174,RHA4,2025-11-02,2,1686.45,West
ORD01885,P0175,SKINPEN,2025-10-17,7,1589.34,Northeast
ORD01886,P0175,SKINPEN,2026-01-07,4,3240.05,Northeast
ORD01887,P0175,RHA2,2025-10-22,9,4370.52,Northeast
ORD01888,P0175,RHA3,2025-06-18,10,13094.9,Northeast
ORD01889,P0175,RHA4,2025-07-02,3,4044.38,Northeast
ORD01890,P0175,RHA4,2025-06-04,7,8981.03,Northeast
ORD01891,P0175,SKINPEN,2025-06-24,6,7408.59,Northeast
ORD01892,P0175,RHA_REDENSITY,2026-03-13,4,2268.78,Northeast
ORD01893,P0175,SKINPEN,2026-04-20,8,2942.6,Northeast
ORD01894,P0175,RHA2,2026-02-21,10,8398.41,Northeast
ORD01895,P0175,RHA4,2025-11-03,5,2525.67,Northeast
ORD01896,P0175,DAXXIFY,2025-08-22,1,666.42,Northeast
ORD01897,P0176,SKINPEN,2025-12-03,3,1281.39,Southeast
ORD01898,P0176,DAXXIFY,2025-09-19,2,1278.11,Southeast
ORD01899,P0176,RHA_REDENSITY,2026-04-06,4,1427.58,Southeast
ORD01900,P0176,RHA4,2026-02-09,5,7458.81,Southeast
ORD01901,P0176,DAXXIFY,2025-12-04,9,4929.65,Southeast
ORD01902,P0176,SKINPEN,2026-03-18,9,8870.19,Southeast
ORD01903,P0176,SKINPEN,2026-04-11,1,1404.62,Southeast
ORD01904,P0176,RHA4,2025-10-22,2,2934.12,Southeast
ORD01905,P0176,RHA_REDENSITY,2025-07-26,2,2541.39,Southeast
ORD01906,P0177,DAXXIFY,2025-09-17,3,3056.71,Southeast
ORD01907,P0177,RHA3,2026-02-18,3,3440.56,Southeast
ORD01908,P0178,RHA4,2025-09-17,2,801.17,Southwest
ORD01909,P0178,RHA3,2025-11-29,3,1079.64,Southwest
ORD01910,P0178,RHA4,2026-02-20,7,8399.9,Southwest
ORD01911,P0178,RHA2,2026-05-31,8,5149.73,Southwest
ORD01912,P0178,RHA2,2025-09-18,2,1091.64,Southwest
ORD01913,P0178,RHA3,2025-11-03,4,1588.38,Southwest
ORD01914,P0178,RHA4,2025-09-05,4,1517.57,Southwest
ORD01915,P0178,RHA4,2025-10-27,7,9572.39,Southwest
ORD01916,P0178,SKINPEN,2025-09-12,6,8561.17,Southwest
ORD01917,P0178,RHA2,2025-10-20,1,1132.91,Southwest
ORD01918,P0178,DAXXIFY,2025-09-12,2,1279.59,Southwest
ORD01919,P0178,RHA2,2025-11-10,7,1959.36,Southwest
ORD01920,P0178,SKINPEN,2026-05-16,3,4119.79,Southwest
ORD01921,P0178,SKINPEN,2026-05-05,9,13180.14,Southwest
ORD01922,P0178,RHA4,2025-11-01,9,12020.49,Southwest
ORD01923,P0179,DAXXIFY,2025-12-09,5,6851.36,West
ORD01924,P0179,RHA2,2025-07-26,7,5460.32,West
ORD01925,P0179,RHA_REDENSITY,2026-02-18,10,12248.44,West
ORD01926,P0179,RHA4,2025-07-05,6,8123.86,West
ORD01927,P0179,RHA4,2025-07-06,4,5381.07,West
ORD01928,P0179,DAXXIFY,2026-04-21,9,5713.57,West
ORD01929,P0179,RHA_REDENSITY,2026-03-31,9,5121.96,West
ORD01930,P0179,RHA_REDENSITY,2026-04-17,9,5453.35,West
ORD01931,P0179,SKINPEN,2025-12-11,3,691.34,West
ORD01932,P0179,RHA_REDENSITY,2025-08-31,5,2568.71,West
ORD01933,P0179,SKINPEN,2025-12-30,7,10381.29,West
ORD01934,P0180,RHA3,2026-05-04,5,5075.43,West
ORD01935,P0180,DAXXIFY,2025-12-04,1,1183.53,West
ORD01936,P0180,RHA4,2026-04-01,5,4720.83,West
ORD01937,P0180,RHA4,2026-06-01,6,8867.01,West
ORD01938,P0181,SKINPEN,2025-08-18,9,11680.6,Northeast
ORD01939,P0181,RHA3,2026-02-04,5,2849.48,Northeast
ORD01940,P0181,SKINPEN,2025-08-14,3,3385.97,Northeast
ORD01941,P0181,SKINPEN,2025-09-10,4,1347.18,Northeast
ORD01942,P0181,RHA_REDENSITY,2025-09-12,4,5078.78,Northeast
ORD01943,P0181,RHA4,2025-12-01,2,781.04,Northeast
ORD01944,P0181,RHA4,2025-10-29,2,639.85,Northeast
ORD01945,P0181,RHA2,2025-10-29,8,3833.76,Northeast
ORD01946,P0181,RHA3,2026-04-25,9,6512.22,Northeast
ORD01947,P0181,RHA_REDENSITY,2025-08-21,7,9335.33,Northeast
ORD01948,P0181,RHA4,2025-08-08,7,10468.26,Northeast
ORD01949,P0181,RHA4,2025-06-16,7,8896.69,Northeast
ORD01950,P0181,RHA_REDENSITY,2026-03-22,3,2490.58,Northeast
ORD01951,P0181,RHA2,2025-10-12,9,11900.28,Northeast
ORD01952,P0181,SKINPEN,2026-04-04,4,3168.25,Northeast
ORD01953,P0181,SKINPEN,2026-05-18,3,4281.87,Northeast
ORD01954,P0181,DAXXIFY,2025-11-26,10,13080.13,Northeast
ORD01955,P0181,DAXXIFY,2026-04-08,6,5659.77,Northeast
ORD01956,P0181,RHA_REDENSITY,2026-05-14,3,1059.19,Northeast
ORD01957,P0182,RHA3,2025-11-24,5,4158.52,Northeast
ORD01958,P0182,RHA2,2026-03-22,10,7482.84,Northeast
ORD01959,P0182,RHA3,2025-12-29,4,1752.0,Northeast
ORD01960,P0182,DAXXIFY,2025-09-26,2,1823.6,Northeast
ORD01961,P0182,DAXXIFY,2026-04-30,7,5778.71,Northeast
ORD01962,P0182,RHA_REDENSITY,2025-12-27,8,10962.99,Northeast
ORD01963,P0182,RHA4,2025-11-22,10,3726.52,Northeast
ORD01964,P0182,RHA_REDENSITY,2026-03-25,8,9521.46,Northeast
ORD01965,P0182,RHA4,2025-06-27,3,3978.75,Northeast
ORD01966,P0182,DAXXIFY,2025-12-19,10,10638.53,Northeast
ORD01967,P0183,RHA2,2025-11-17,7,4484.88,Northeast
ORD01968,P0183,SKINPEN,2026-05-11,8,9253.49,Northeast
ORD01969,P0183,DAXXIFY,2025-07-08,3,3358.11,Northeast
ORD01970,P0183,SKINPEN,2025-08-15,5,4646.79,Northeast
ORD01971,P0183,SKINPEN,2026-04-01,9,2796.28,Northeast
ORD01972,P0183,RHA_REDENSITY,2025-07-22,10,11849.0,Northeast
ORD01973,P0183,RHA_REDENSITY,2025-08-16,4,4702.9,Northeast
ORD01974,P0183,DAXXIFY,2025-09-19,2,2111.46,Northeast
ORD01975,P0183,RHA2,2025-09-04,1,557.45,Northeast
ORD01976,P0183,RHA2,2026-02-18,10,7774.98,Northeast
ORD01977,P0183,RHA_REDENSITY,2025-09-03,6,4334.02,Northeast
ORD01978,P0183,RHA4,2026-05-11,1,641.94,Northeast
ORD01979,P0183,RHA4,2026-03-03,1,1317.54,Northeast
ORD01980,P0183,RHA4,2025-12-23,5,1591.66,Northeast
ORD01981,P0184,RHA2,2025-08-30,5,1936.22,Midwest
ORD01982,P0184,DAXXIFY,2026-01-24,3,1796.5,Midwest
ORD01983,P0184,SKINPEN,2025-11-07,3,829.76,Midwest
ORD01984,P0184,RHA2,2025-12-19,1,1127.29,Midwest
ORD01985,P0185,DAXXIFY,2025-11-16,6,2311.19,West
ORD01986,P0185,RHA3,2025-12-20,7,9968.36,West
ORD01987,P0185,DAXXIFY,2026-04-03,4,2046.04,West
ORD01988,P0185,RHA_REDENSITY,2025-08-02,4,3363.49,West
ORD01989,P0185,RHA4,2025-09-18,2,1100.15,West
ORD01990,P0185,RHA4,2025-12-23,9,6562.79,West
ORD01991,P0185,DAXXIFY,2025-09-29,7,7165.23,West
ORD01992,P0185,RHA3,2026-05-25,9,13072.65,West
ORD01993,P0185,DAXXIFY,2025-06-23,4,4767.49,West
ORD01994,P0185,RHA2,2025-07-05,5,4693.6,West
ORD01995,P0186,SKINPEN,2026-04-22,9,4180.45,West
ORD01996,P0186,RHA3,2026-03-23,9,13328.11,West
ORD01997,P0186,RHA_REDENSITY,2026-01-29,7,10148.3,West
ORD01998,P0186,RHA4,2025-08-23,1,201.3,West
ORD01999,P0186,RHA_REDENSITY,2025-10-09,5,5244.88,West
ORD02000,P0186,DAXXIFY,2026-03-10,1,1413.56,West
ORD02001,P0186,RHA3,2025-09-30,10,5261.56,West
ORD02002,P0186,RHA4,2025-06-20,6,7771.02,West
ORD02003,P0186,RHA_REDENSITY,2026-02-15,9,5091.34,West
ORD02004,P0186,SKINPEN,2026-03-13,9,8388.05,West
ORD02005,P0186,DAXXIFY,2026-01-01,7,7755.71,West
ORD02006,P0186,SKINPEN,2026-03-24,9,13486.21,West
ORD02007,P0186,RHA2,2025-10-25,10,8562.66,West
ORD02008,P0186,SKINPEN,2025-12-23,6,6154.33,West
ORD02009,P0186,RHA4,2025-06-06,5,2598.53,West
ORD02010,P0187,RHA2,2025-12-11,8,11573.52,Southwest
ORD02011,P0187,DAXXIFY,2025-12-17,3,3121.13,Southwest
ORD02012,P0187,RHA_REDENSITY,2026-06-02,8,1644.5,Southwest
ORD02013,P0187,SKINPEN,2026-05-30,3,2211.34,Southwest
ORD02014,P0187,SKINPEN,2025-06-12,8,9529.64,Southwest
ORD02015,P0187,DAXXIFY,2025-09-01,2,1800.49,Southwest
ORD02016,P0187,RHA4,2025-06-25,2,1317.79,Southwest
ORD02017,P0187,RHA_REDENSITY,2025-11-23,6,4216.66,Southwest
ORD02018,P0187,DAXXIFY,2025-06-12,2,1603.0,Southwest
ORD02019,P0187,RHA4,2026-02-25,1,487.98,Southwest
ORD02020,P0187,RHA3,2026-05-24,6,2693.79,Southwest
ORD02021,P0188,RHA3,2025-07-18,4,2018.14,Northeast
ORD02022,P0188,RHA3,2025-09-24,1,564.98,Northeast
ORD02023,P0188,SKINPEN,2025-06-08,10,4718.12,Northeast
ORD02024,P0188,SKINPEN,2026-02-23,7,2409.61,Northeast
ORD02025,P0188,RHA_REDENSITY,2026-01-12,9,7579.93,Northeast
ORD02026,P0188,RHA2,2025-08-25,10,10738.28,Northeast
ORD02027,P0188,RHA_REDENSITY,2025-07-30,3,854.91,Northeast
ORD02028,P0188,SKINPEN,2026-03-30,2,731.32,Northeast
ORD02029,P0188,RHA2,2025-08-16,9,10328.12,Northeast
ORD02030,P0188,RHA2,2026-01-14,1,1489.54,Northeast
ORD02031,P0188,SKINPEN,2025-06-14,9,8989.14,Northeast
ORD02032,P0188,RHA_REDENSITY,2025-06-20,8,1620.33,Northeast
ORD02033,P0188,SKINPEN,2025-10-28,1,1310.02,Northeast
ORD02034,P0188,RHA4,2025-12-20,7,3893.72,Northeast
ORD02035,P0188,RHA_REDENSITY,2025-06-20,8,6753.98,Northeast
ORD02036,P0188,DAXXIFY,2025-09-12,4,1044.22,Northeast
ORD02037,P0188,RHA_REDENSITY,2025-10-31,8,4888.92,Northeast
ORD02038,P0188,RHA2,2025-11-15,6,1838.11,Northeast
ORD02039,P0188,DAXXIFY,2025-08-15,4,5886.1,Northeast
ORD02040,P0188,DAXXIFY,2025-10-30,4,1823.76,Northeast
ORD02041,P0189,DAXXIFY,2025-12-26,2,472.47,Southeast
ORD02042,P0189,DAXXIFY,2025-10-25,10,12363.87,Southeast
ORD02043,P0189,RHA3,2025-12-14,4,1360.77,Southeast
ORD02044,P0189,RHA3,2026-02-01,1,1268.12,Southeast
ORD02045,P0189,RHA2,2025-09-10,2,2416.95,Southeast
ORD02046,P0189,RHA4,2025-07-21,2,2025.91,Southeast
ORD02047,P0189,DAXXIFY,2025-08-11,2,2933.77,Southeast
ORD02048,P0189,RHA4,2026-05-17,6,8142.65,Southeast
ORD02049,P0189,DAXXIFY,2025-06-13,3,841.81,Southeast
ORD02050,P0189,DAXXIFY,2025-10-20,5,4969.8,Southeast
ORD02051,P0189,DAXXIFY,2025-10-25,2,2161.67,Southeast
ORD02052,P0190,RHA3,2026-05-08,7,5055.32,Southeast
ORD02053,P0190,RHA4,2025-07-22,4,5295.83,Southeast
ORD02054,P0190,RHA_REDENSITY,2025-07-01,1,789.43,Southeast
ORD02055,P0190,RHA4,2025-10-09,10,10050.0,Southeast
ORD02056,P0190,SKINPEN,2025-12-12,1,790.3,Southeast
ORD02057,P0190,RHA_REDENSITY,2025-12-17,4,1361.63,Southeast
ORD02058,P0190,RHA_REDENSITY,2026-05-28,2,1941.5,Southeast
ORD02059,P0190,RHA_REDENSITY,2026-02-24,3,3085.72,Southeast
ORD02060,P0190,RHA3,2026-01-23,7,5780.73,Southeast
ORD02061,P0190,RHA4,2025-07-21,3,1548.29,Southeast
ORD02062,P0190,DAXXIFY,2026-05-12,3,1815.5,Southeast
ORD02063,P0190,RHA_REDENSITY,2025-10-23,6,3627.27,Southeast
ORD02064,P0190,RHA2,2025-08-30,3,2431.14,Southeast
ORD02065,P0190,RHA3,2025-07-30,5,3397.39,Southeast
ORD02066,P0190,RHA_REDENSITY,2026-05-30,10,10549.8,Southeast
ORD02067,P0190,DAXXIFY,2026-03-21,4,3436.96,Southeast
ORD02068,P0190,DAXXIFY,2025-08-21,7,4528.73,Southeast
ORD02069,P0190,SKINPEN,2026-02-21,4,4883.37,Southeast
ORD02070,P0191,SKINPEN,2026-02-27,8,8825.73,Southeast
ORD02071,P0191,RHA_REDENSITY,2025-10-07,6,7845.67,Southeast
ORD02072,P0191,RHA3,2025-08-18,10,5895.21,Southeast
ORD02073,P0191,RHA2,2025-12-17,2,1581.19,Southeast
ORD02074,P0191,RHA4,2026-05-13,4,5583.76,Southeast
ORD02075,P0191,RHA2,2025-07-11,4,3225.99,Southeast
ORD02076,P0191,RHA2,2026-02-14,8,9239.7,Southeast
ORD02077,P0191,SKINPEN,2025-12-16,7,3268.38,Southeast
ORD02078,P0191,DAXXIFY,2026-03-01,6,1277.16,Southeast
ORD02079,P0191,DAXXIFY,2025-12-02,9,3147.71,Southeast
ORD02080,P0191,RHA4,2026-01-06,4,4082.94,Southeast
ORD02081,P0192,DAXXIFY,2026-05-12,4,1828.69,Southwest
ORD02082,P0192,RHA2,2026-03-06,5,5672.44,Southwest
ORD02083,P0192,RHA_REDENSITY,2025-12-12,4,1728.42,Southwest
ORD02084,P0192,RHA2,2026-05-23,5,6919.22,Southwest
ORD02085,P0192,SKINPEN,2026-05-24,3,2077.8,Southwest
ORD02086,P0192,RHA3,2026-04-08,4,2386.38,Southwest
ORD02087,P0192,RHA3,2026-02-01,6,6355.09,Southwest
ORD02088,P0192,RHA_REDENSITY,2025-09-07,7,9393.33,Southwest
ORD02089,P0192,DAXXIFY,2026-05-01,3,4042.62,Southwest
ORD02090,P0192,RHA2,2026-03-29,4,3569.28,Southwest
ORD02091,P0192,RHA3,2025-06-13,6,5876.48,Southwest
ORD02092,P0192,RHA2,2025-07-13,1,1192.01,Southwest
ORD02093,P0193,RHA_REDENSITY,2026-02-27,5,6132.32,Midwest
ORD02094,P0193,RHA2,2025-12-18,1,1018.3,Midwest
ORD02095,P0193,RHA2,2026-01-11,9,13130.1,Midwest
ORD02096,P0193,RHA2,2025-09-26,2,2440.13,Midwest
ORD02097,P0193,RHA_REDENSITY,2025-06-29,2,835.33,Midwest
ORD02098,P0193,SKINPEN,2025-11-17,9,6178.91,Midwest
ORD02099,P0193,RHA4,2025-09-11,3,1855.11,Midwest
ORD02100,P0193,RHA_REDENSITY,2025-11-24,8,9042.76,Midwest
ORD02101,P0193,RHA4,2025-09-23,5,4777.71,Midwest
ORD02102,P0193,RHA_REDENSITY,2025-07-12,1,469.36,Midwest
ORD02103,P0193,RHA4,2026-02-20,4,2858.68,Midwest
ORD02104,P0193,RHA4,2025-12-29,7,6599.47,Midwest
ORD02105,P0193,RHA3,2025-11-24,9,2791.68,Midwest
ORD02106,P0193,RHA3,2026-04-21,8,6995.74,Midwest
ORD02107,P0193,RHA_REDENSITY,2026-02-06,1,804.83,Midwest
ORD02108,P0193,RHA3,2025-07-20,7,5505.48,Midwest
ORD02109,P0193,RHA4,2025-10-25,6,7475.13,Midwest
ORD02110,P0193,RHA3,2025-12-23,7,1624.94,Midwest
ORD02111,P0193,RHA2,2025-10-20,5,5194.81,Midwest
ORD02112,P0194,RHA3,2026-04-22,9,7799.65,Southeast
ORD02113,P0194,DAXXIFY,2025-07-09,5,7022.94,Southeast
ORD02114,P0194,DAXXIFY,2026-04-14,2,1336.62,Southeast
ORD02115,P0194,RHA2,2025-08-28,6,2733.84,Southeast
ORD02116,P0194,RHA3,2025-12-17,5,5843.87,Southeast
ORD02117,P0194,RHA3,2025-06-19,4,4469.34,Southeast
ORD02118,P0194,SKINPEN,2026-03-25,9,12474.88,Southeast
ORD02119,P0194,RHA3,2026-05-30,5,6345.01,Southeast
ORD02120,P0194,RHA4,2025-11-09,10,11851.48,Southeast
ORD02121,P0194,RHA4,2026-05-28,9,13374.51,Southeast
ORD02122,P0194,RHA4,2026-03-19,4,1980.02,Southeast
ORD02123,P0194,RHA4,2026-02-16,4,3482.29,Southeast
ORD02124,P0195,SKINPEN,2025-10-07,8,5142.86,Southwest
ORD02125,P0195,RHA3,2026-04-21,4,3029.72,Southwest
ORD02126,P0195,RHA4,2025-06-11,4,3081.14,Southwest
ORD02127,P0195,DAXXIFY,2025-08-22,6,2283.81,Southwest
ORD02128,P0195,RHA3,2026-03-30,1,849.74,Southwest
ORD02129,P0195,RHA3,2025-07-01,6,2958.83,Southwest
ORD02130,P0195,SKINPEN,2025-10-29,7,8341.86,Southwest
ORD02131,P0195,RHA_REDENSITY,2025-06-15,5,3119.52,Southwest
ORD02132,P0195,RHA_REDENSITY,2026-05-23,1,1398.79,Southwest
ORD02133,P0195,RHA3,2026-03-17,10,10187.91,Southwest
ORD02134,P0195,RHA_REDENSITY,2025-07-30,10,13270.28,Southwest
ORD02135,P0195,RHA2,2025-11-20,7,1979.75,Southwest
ORD02136,P0195,RHA2,2025-11-18,8,2729.84,Southwest
ORD02137,P0195,RHA4,2025-08-16,5,1606.07,Southwest
ORD02138,P0195,SKINPEN,2026-04-11,9,3878.34,Southwest
ORD02139,P0195,RHA_REDENSITY,2025-06-16,8,1879.12,Southwest
ORD02140,P0195,DAXXIFY,2026-02-22,7,3982.74,Southwest
ORD02141,P0195,RHA3,2026-02-04,9,2618.76,Southwest
ORD02142,P0196,RHA_REDENSITY,2025-11-27,1,423.37,Southeast
ORD02143,P0196,RHA4,2025-11-05,3,4459.42,Southeast
ORD02144,P0197,RHA4,2025-09-02,8,9328.68,Midwest
ORD02145,P0197,RHA2,2025-11-16,3,3994.75,Midwest
ORD02146,P0197,RHA4,2025-12-27,8,3251.32,Midwest
ORD02147,P0197,RHA3,2025-08-13,10,4638.65,Midwest
ORD02148,P0197,RHA4,2025-06-18,5,2311.07,Midwest
ORD02149,P0198,DAXXIFY,2025-10-18,7,6904.12,West
ORD02150,P0198,RHA_REDENSITY,2026-01-28,6,8300.36,West
ORD02151,P0198,RHA4,2025-09-25,8,7591.78,West
ORD02152,P0198,RHA3,2026-04-18,8,5206.53,West
ORD02153,P0198,RHA3,2025-06-04,7,6978.55,West
ORD02154,P0199,RHA2,2025-11-03,3,4109.86,Southwest
ORD02155,P0199,RHA4,2025-10-25,7,9688.58,Southwest
ORD02156,P0199,SKINPEN,2026-03-02,10,3241.94,Southwest
ORD02157,P0199,DAXXIFY,2025-06-11,4,5404.82,Southwest
ORD02158,P0199,RHA3,2026-03-15,9,5215.11,Southwest
ORD02159,P0199,SKINPEN,2026-04-30,4,5525.43,Southwest
ORD02160,P0200,DAXXIFY,2025-08-24,6,1796.96,Southwest
ORD02161,P0200,RHA_REDENSITY,2026-04-11,6,4398.75,Southwest
ORD02162,P0200,RHA3,2026-03-11,4,3431.54,Southwest
ORD02163,P0200,DAXXIFY,2025-10-10,2,2061.05,Southwest
ORD02164,P0200,SKINPEN,2025-06-23,8,5564.02,Southwest
ORD02165,P0200,RHA2,2025-11-11,7,1743.75,Southwest
ORD02166,P0200,DAXXIFY,2026-01-26,3,1875.73,Southwest
ORD02167,P0200,RHA4,2025-10-09,8,2309.67,Southwest
ORD02168,P0200,SKINPEN,2025-08-27,4,4510.62,Southwest
ORD02169,P0200,RHA2,2025-10-22,8,10132.44,Southwest
ORD02170,P0200,RHA2,2026-03-13,1,989.09,Southwest
ORD02171,P0200,RHA3,2026-03-05,2,1790.1,Southwest
ORD02172,P0200,RHA2,2025-11-15,2,2145.62,Southwest
ORD02173,P0200,SKINPEN,2026-05-29,5,1997.73,Southwest
